"","[][][][][][][][][][][][][][][][][][][][][][][][][][][][][][][][][][][][][][][][][][][][][][][][][][]]
[]		uNDERGR()UND tECHN()L()GIES mAGAZINE  UK	    []
[]			volume 1, issue 1		jULY 1994		    []
[][][][][][][][][][][][][][][][][][][][][][][][][][][][][][][][][][][][][][][][][][][][][][][][][][]]

",""
"1garden","         ","Big Unicode Garden!"
"1ultra","               ||||||    ||||||                           |||||||| 
                 ||        ||                            ||      || 
                 ||        ||                            ||      || 
                 ||        ||   ||     ||||||  |||||     |||||||||| 
                 ||        ||   ||       ||    ||  ||    ||      || 
                  ||      ||    ||       ||    |||||     ||      || 
                   ||||||||     ||||||   ||    ||  ||  ||||||  |||||| 
 
",""
"2006","┏━━┓┏━━┓┏━━┓┏━━┓
┗━┓┃┃┏┓┃┃┏┓┃┃┏━┛
┏━┛┃┃┃┃┃┃┃┃┃┃┗━┓
┃┏━┛┃┃┃┃┃┃┃┃┃┏┓┃
┃┗━┓┃┗┛┃┃┗┛┃┃┗┛┃
┗━━┛┗━━┛┗━━┛┗━━┛  ","2006"
"aech","hͨ͋̈͊̔̾̆̒͏̧̗̗̠̖","h"
"bbj","@ *= /""    ` ' | _%;  {  * ,     [& #? {)? '&#)   /^ /
\   [ -! }"" >/ .# (,   <{\ >   >>(~%""}^ )/  }"",. ^#\]""
|~[       ?)):   *_    ,.     &(""]}  ^ %   ;   &]_`=` 
` <=   &$/;-)}  )&*     )( $ ]}~@   { +#@<     ?   // 
  ),  >*  `}\* {|    ':]+?# <! ' :  :=? '   \  _~ %^ `
 {   ^%/  &-* \    >  ! _\   ]&< `)[ @    ]  %      <!
       &   [ ) & )_}#]! ) &)  , | _.;   | (>  -)`';  =
&""   ?%,&     ;:/+ ^+ )     } <~\ \.?)</   [  [/`    -
 : ]    $   {|@* |        ^ %? $<   ?{  ;}"",{    \!/] 
  &>  ,.! =  _|[.{@ |   * #&)[`(? :} $| .&  ?        :
 < { <<} |   ;  _=  [^<  [+.   -  = (!#   ~! )    *#@$
[ *  < )    %*< =  .    =[<  ""*_ | '   *  -   ) *    @
     '   }=!"" \   ~  < ; :   % @  "" ! - $  ~ ((~ -)| ?
    @| :}`( > ] (   ]< \   }|{  .] +$  ?  /:<:|= = =  
+    \ + $_ [  _ $  _  /{$ }     %    ` =.)[ # (|(   !
    @  "" ;>  /-  =^ $`` !.==;   )#- =  (    +/  +(?   
  @  }`&   ]-{  \&.  @`~     _ . *:]^=    ' '>}@ %.[  
 ]] _ {.!      *  _.  =)  ?|""   [$   >   ;.& "" ~%  / (
%+ ?=- :  @;> , ^$ ]#|= %-  > - }}  /{ << < <    )~   
     +@=>:   "" /[@   > %|  _+/  %<#<[)  [  ~  \-+;  "" 
     \? | <  *  +-  \ !|; - *    {$  > =@  ; ,[     "" 
""<  : }    _=  ]  ( %<`*    ] _  @ ;    <`, ^   !;    
` {) *&} { _""  <  __ [    ( ..) ]] @},_-     #    '%  
   $ +\ !   *,*@ .[   $@%]': >_  ""{({>@ -{ {    *' &% 
      % { \^>?  #?  :~\$ %%    ^ |   ""<  |}@(]    ""@&{
    ]=&] ]^    . +?  }{+] $ % `          ~[\ ]/ \  =  
[\_|{=-$  * #'| %   [ >}    ]} ^  -\)  [{\, ;.+  ' @{ 
.[   , ;^   !/\ !     $ & @#?  .  !$ ?  @    @?   @ ;~
:  >""|  '  .  ,:>&   +`%+<=-\ ;]!  . .= )  (  ;` }   '
\  < ' ""{     \ :)@ & ]`$( :|, /  %; %-'^ |       +  `
  #  # ? ^   )  [  &  !  )%%, >:[{[  _  @     @*\>%  =
    =  > !  % [  ?  <  @  '  <\   \ % '    /\%;@   .:?
<| - ' )_  |  ~@[     ;#->  % ""\  _!- % ^   ]~ =    $ 
 \  | )~{^+'     $%&/>;^|[=,: -_*]_:  %   _! \ ^  `   
  );%   / & |@ > (   +*  &<\%  */ -[    -'_   %+    "" 
   _     "" \   %~`/     } } ^"" + ;   @""     '   :   @[
[   "" =[+ .  #   ,  `<} \.+ *(^/>    #  # ]    @;(^   
   / [ -+,_`  "" ^    "") -' }  {, #%[   *    `&    ? ! 
   * `! ;   ?>   \    &=|?: (/^[ ] :   }    {.  ?,,   
 >  ) &*  $ >$   {%; $.<&   >   '  -\ |      ? %@  > \
  $-? ^:=`,  /=$  ""!   {@  "">'% -;  #  )   % @ (]`;  ""
+{^ #(_{`    @  [-   ? [     {}"" ; >   } } :}})/\""    
_ #,     ? -)[ `  \ .*    ?` ~~(!$ |\ ' )  %   '   ^"" 
 < !) $[  ""?$?  !| ,     _ ""'<{^ `\ ~  )<   {, `!>,'  
 .   !( %,  [` /;   / /  `| -~}<  ?[]( *#  - =  *  $$ 
  '}[""[/' [( +@$ ,    :[''  =,#`>;    $ ,      ?&  .<(","Sample exit text from Tilde.Town’s forum software."
"blossom","🌼🌼🌼🌼🌼🌼🌼🌼🌼🌼🌼
🌼🌼🌼🌼🌼🌼🌼🌼🌼🌼🌼
🌼🌼🌼🌼🌼🌼🌼🌼🌼🌼🌼
🌼🌼🌼🌼🌼🌼🌼🌼🌼🌼🌼
🌼🌼🌼🌼🌼🌼🌼🌼🌼🌼🌼
🌼🌼🌼🌼🌼🌼🌼🌼🌼🌼🌼
🌼🌼🌼🌼🌼🌼🌼🌼🌼🌼🌸
🌼🌼🌼🌼🌼🌼🌼🌼🌼🌼🌼
🌼🌼🌼🌼🌼🌼🌼🌼🌼🌼🌼
🌼🌼🌼🌼🌼🌼🌼🌼🌼🌼🌼
🌼🌼🌼🌼🌼🌼🌼🌼🌼🌼🌼","A single CHERRY BLOSSOM emoji."
"bt1","n̡̤̙̳͈̻̖̘̬̯̜̜̬͖̪̯͖̱͐̀̈ͮ̓̌͒̈́͛͐̈̀ẫ̧͌͌́̇͒͑ͯͭ̚̚̚̕͘͝҉̠͎͓̟̹͎̱͍͚̮͎͈ͅͅ","Bit 1"
"bt2","g̸̺̩̉̇̍̎͡","Bit 2"
"bx","b͆̾̌͘͝͏̪͖̪͈͉̳.̵̥̲̜̱̞̫͔ͯ̓ͦ͊̍̅͂̊͢͝ ͔̤̞͖̩̻̹̰̖̓ͤ̽̏ͤ̿͊͞x̧͒ͪ̑ͥͫ̽̅ͭ̋͏̳ͅ","Honoring ~bx of Tilde.Town."
"chill","𝙅 Ⓤ 𝑆 ⓣ   © Ⓗ ⌶ ⅃ ⅂ Ⓘ Ⓝ Ⓖ",""
"concessions","𝙴 𝚇 𝚃 𝚁 𝙰 𝙲 𝚃 _ 𝙲 𝙾 𝙽 𝙲 𝙴 𝚂 𝚂 𝙸 𝙾 𝙽 𝚂","𝙴 𝚇 𝚃 𝚁 𝙰 𝙲 𝚃 _ 𝙲 𝙾 𝙽 𝙲 𝙴 𝚂 𝚂 𝙸 𝙾 𝙽 𝚂"
"deltanose","⊙△⊙","⊙△⊙"
"deltas","⍋⍙≜𝚫𝛅𝛥𝛿𝜟𝜹𝝙𝝳𝞓𝞭ᵟƍ","All available Delta symbols in Unicode, lined up."
"dfp","              #########             ############       ######### 
              ###########           ############       ###########
              ####    ####          ####               ####    ###
              ####    ####          ####               ####    ###
              ####    ####          ########           ###########  
              ####    ####          ########           #########
              ####    ####          ####               ####
              ####    ####          ####               ####
              ###########           ####               ####
              #########             ####               ####
",""
"dxm","kinda cool. dont do this unless your experienced with other drugs. I keep 
forgetting to breath and chew. u basically get drunk for the first little 
while. After that. you lose controdl of you body.  it reealy fuckecd up. 
im writing while im stoned on it. this is weird. i barfed. it was gross. 
i saw things that i dont remeber eating. you loose control of your body. 
its weird. im afraid im going to stop breating and die i hope i dont do 
that. god i hope i dont do that. god isnt real. gods an asshole. this is 
.ike a diary of a madman. ozzy osbourne. this is fukced. dtom is cool. 
my head is twitching. im in no control. i want the drug to go away now. 
my dads gonna be home anytime soon so make it go away. i wanted to see 
calvin today but i got too tired. so i sat down on the old bathtub and 
looked at the grass. i have been typing like an idiot. i hope this stuff 
goes away soon. my eyes have been bulgy for along time and i feel like im 
gettting taller now. when i shake my head i trip. dont try to write 
descriptions of highs when your high. its not a good idea i cant do this 
much longer. my brain has a weight on ti. my fingers are of their own. i 
talk like a guy from the 50s. the monitors shrunk. bad high man. bad high. 
hey chris. im gonna send this to you.  my chair is getting really tal and 
my maonitor is goin away. that f22 game is cool. can i borrow it. i want 2 
copy it and sell it to gordon for 10 bucks. and my keyboard isnt real for 
some reason nothing is real right now and my head is on something by 
something thin an i feel like mr. mcaky when he was doing drugs and his 
head floated away and he was like helllo boys, r u staying out of trouble. 
yes mr. macky. ok then, bye. im just gonna float over here now. im insane. 
these are the words of guy who is a loser is not having a good time right 
now. jesse sold him druggs and now drgs are playing with jesse. jesse
is not jesse. drugs r jesse. im not. jesse. bye. birdies.",""
"exclaim","( ✪ฺ╻✪ฺ)‼‼‼‼‼‼","( ✪ฺ╻✪ฺ)‼‼‼‼‼‼"
"fence","⧛⦙⦙⦙⦙⦙⦙⦙⦙⦙⦙⦙⦙⦙⦙⦙⦙⦙⦙⦙⦙⦙⦙⦙⦙⦙⦙⦙⦙⦙⦙⦙⦙⦙⦙⦙⦙⦙⦙⦙⦙⦙⦙⦙⦙⦙⦙⦙⦙⦙⦙⦙⦙⦙⦙⦙⦙⦙⦙⦙⦙⧚","⧛⦙⦙⦙⦙⦙⦙⦙⦙⦙⦙⦙⦙⦙⦙⦙⦙⦙⦙⦙⦙⦙⦙⦙⦙⦙⦙⦙⦙⦙⦙⦙⦙⦙⦙⦙⦙⦙⦙⦙⦙⦙⦙⦙⦙⦙⦙⦙⦙⦙⦙⦙⦙⦙⦙⦙⦙⦙⦙⦙⦙⧚"
"fuckissue","https://github.com/extratone/bilge/issues/222","URL to my “How to Fuck Text” guide’s (WIP) corresponding GitHub Issue."
"fuckshare","https://app.textexpander.com/public/12c50fb2360617d3cc66d757cf26383b","URL to share this Snippet Group"
"fucksoftware","Ǝ ᴚ ∀ M ⊥ Ⅎ O S   ʞ Ͻ ∩ Ⅎ","Fuck Software"
"globules","⅁⅂𝓞𝔹🇺⅃㉫🅂",""
"gm1","⅁🇴🇴⍙  ㎚@ⓡⓝ⌶🅽g !⏚⏚","Good Morning 1"
"gm2","ⓖⓞⓞⓓ ⓜⓞⓡⓝⓘⓝⓖ","Good Morning 2"
"gm3","G̏̽͋ͩͬ͊̈́o͌ͭ͆̂̍̈́̌oͩ͒ͩd̋̃͑ ͐ͣm̌orͬͥͤͣ̊n̋ͧͩ͐i͛̉n̔̎g̏͂̔ͦ̈!","Good Morning 3"
"gm4","g o o d   m o r n i n g","Good Morning 4"
"gm5","𝘨   𝘰   𝘰   𝘥       𝘮   𝘰   𝘳   𝘯   𝘪   𝘯   𝘨",""
"gm6","🅖  🅞  🅞  🅓    🅜  🅞  🅡  🅝  🅘  🅝  🅖",""
"gmdemo","(•_•)
<)   )╯G̏̽͋ͩͬ͊̈́O͌ͭ͆̂̍̈́̌Oͩ͒ͩD̋̃͑ ͐ͣM̌ORͬͥͤͣ̊N̋ͧͩ͐I͛̉N̔̎G̏͂̔ͦ̈!
 /    \ 

  (•_•)
 \(   (> ⅁🇴🇴⍙  ㎚@ⓇⓃ⌶🅽G !⏚⏚
  /    \

 (•_•)
<)   )╯ⒼⓄⓄⒹ ⓂⓄⓇⓃⒾⓃⒼ
 /    \","Good Morning Demonstration"
"grammar","𝗚 𝗥 𝗔 𝗠 𝗠 𝗔 𝗥   𝗪 𝗔 𝗥 𝗡 𝗜 𝗡 𝗚","GRAMMER WARNING. Boy, wouldn’t it be funny and original if I put “you have been warned” here?"
"invcolossus","Noʇ lᴉʞǝ ʇɥǝ qɹɐzǝu ƃᴉɐuʇ oɟ פɹǝǝʞ ɟɐɯǝ'
Mᴉʇɥ ɔoubnǝɹᴉuƃ lᴉɯqs ɐsʇɹᴉpǝ ɟɹoɯ lɐup ʇo lɐup;
Hǝɹǝ ɐʇ onɹ sǝɐ-ʍɐsɥǝp' snusǝʇ ƃɐʇǝs sɥɐll sʇɐup
∀ ɯᴉƃɥʇʎ ʍoɯɐu ʍᴉʇɥ ɐ ʇoɹɔɥ' ʍɥosǝ ɟlɐɯǝ
Is ʇɥǝ ᴉɯdɹᴉsouǝp lᴉƃɥʇuᴉuƃ' ɐup ɥǝɹ uɐɯǝ
Woʇɥǝɹ oɟ Ǝxᴉlǝs˙ Ⅎɹoɯ ɥǝɹ qǝɐɔou-ɥɐup
פloʍs ʍoɹlp-ʍᴉpǝ ʍǝlɔoɯǝ; ɥǝɹ ɯᴉlp ǝʎǝs ɔoɯɯɐup
┴ɥǝ ɐᴉɹ-qɹᴉpƃǝp ɥɐɹqoɹ ʇɥɐʇ ʇʍᴉu ɔᴉʇᴉǝs ɟɹɐɯǝ˙
“ʞǝǝd' ɐuɔᴉǝuʇ lɐups' ʎonɹ sʇoɹᴉǝp doɯd¡” ɔɹᴉǝs sɥǝ
Mᴉʇɥ sᴉlǝuʇ lᴉds˙ “פᴉʌǝ ɯǝ ʎonɹ ʇᴉɹǝp' ʎonɹ dooɹ'
⅄onɹ ɥnpplǝp ɯɐssǝs ʎǝɐɹuᴉuƃ ʇo qɹǝɐʇɥǝ ɟɹǝǝ'
┴ɥǝ ʍɹǝʇɔɥǝp ɹǝɟnsǝ oɟ ʎonɹ ʇǝǝɯᴉuƃ sɥoɹǝ˙
Sǝup ʇɥǝsǝ' ʇɥǝ ɥoɯǝlǝss' ʇǝɯdǝsʇ-ʇosʇ ʇo ɯǝ'
I lᴉɟʇ ɯʎ lɐɯd qǝsᴉpǝ ʇɥǝ ƃolpǝu pooɹ¡”","“Colossus,” inverted."
"italcolossus","𝘕𝘰𝘵 𝘭𝘪𝘬𝘦 𝘵𝘩𝘦 𝘣𝘳𝘢𝘻𝘦𝘯 𝘨𝘪𝘢𝘯𝘵 𝘰𝘧 𝘎𝘳𝘦𝘦𝘬 𝘧𝘢𝘮𝘦,
𝘞𝘪𝘵𝘩 𝘤𝘰𝘯𝘲𝘶𝘦𝘳𝘪𝘯𝘨 𝘭𝘪𝘮𝘣𝘴 𝘢𝘴𝘵𝘳𝘪𝘥𝘦 𝘧𝘳𝘰𝘮 𝘭𝘢𝘯𝘥 𝘵𝘰 𝘭𝘢𝘯𝘥;
𝘏𝘦𝘳𝘦 𝘢𝘵 𝘰𝘶𝘳 𝘴𝘦𝘢-𝘸𝘢𝘴𝘩𝘦𝘥, 𝘴𝘶𝘯𝘴𝘦𝘵 𝘨𝘢𝘵𝘦𝘴 𝘴𝘩𝘢𝘭𝘭 𝘴𝘵𝘢𝘯𝘥
𝘈 𝘮𝘪𝘨𝘩𝘵𝘺 𝘸𝘰𝘮𝘢𝘯 𝘸𝘪𝘵𝘩 𝘢 𝘵𝘰𝘳𝘤𝘩, 𝘸𝘩𝘰𝘴𝘦 𝘧𝘭𝘢𝘮𝘦
𝘐𝘴 𝘵𝘩𝘦 𝘪𝘮𝘱𝘳𝘪𝘴𝘰𝘯𝘦𝘥 𝘭𝘪𝘨𝘩𝘵𝘯𝘪𝘯𝘨, 𝘢𝘯𝘥 𝘩𝘦𝘳 𝘯𝘢𝘮𝘦
𝘔𝘰𝘵𝘩𝘦𝘳 𝘰𝘧 𝘌𝘹𝘪𝘭𝘦𝘴. 𝘍𝘳𝘰𝘮 𝘩𝘦𝘳 𝘣𝘦𝘢𝘤𝘰𝘯-𝘩𝘢𝘯𝘥
𝘎𝘭𝘰𝘸𝘴 𝘸𝘰𝘳𝘭𝘥-𝘸𝘪𝘥𝘦 𝘸𝘦𝘭𝘤𝘰𝘮𝘦; 𝘩𝘦𝘳 𝘮𝘪𝘭𝘥 𝘦𝘺𝘦𝘴 𝘤𝘰𝘮𝘮𝘢𝘯𝘥
𝘛𝘩𝘦 𝘢𝘪𝘳-𝘣𝘳𝘪𝘥𝘨𝘦𝘥 𝘩𝘢𝘳𝘣𝘰𝘳 𝘵𝘩𝘢𝘵 𝘵𝘸𝘪𝘯 𝘤𝘪𝘵𝘪𝘦𝘴 𝘧𝘳𝘢𝘮𝘦.
“𝘒𝘦𝘦𝘱, 𝘢𝘯𝘤𝘪𝘦𝘯𝘵 𝘭𝘢𝘯𝘥𝘴, 𝘺𝘰𝘶𝘳 𝘴𝘵𝘰𝘳𝘪𝘦𝘥 𝘱𝘰𝘮𝘱!” 𝘤𝘳𝘪𝘦𝘴 𝘴𝘩𝘦
𝘞𝘪𝘵𝘩 𝘴𝘪𝘭𝘦𝘯𝘵 𝘭𝘪𝘱𝘴. “𝘎𝘪𝘷𝘦 𝘮𝘦 𝘺𝘰𝘶𝘳 𝘵𝘪𝘳𝘦𝘥, 𝘺𝘰𝘶𝘳 𝘱𝘰𝘰𝘳,
𝘠𝘰𝘶𝘳 𝘩𝘶𝘥𝘥𝘭𝘦𝘥 𝘮𝘢𝘴𝘴𝘦𝘴 𝘺𝘦𝘢𝘳𝘯𝘪𝘯𝘨 𝘵𝘰 𝘣𝘳𝘦𝘢𝘵𝘩𝘦 𝘧𝘳𝘦𝘦,
𝘛𝘩𝘦 𝘸𝘳𝘦𝘵𝘤𝘩𝘦𝘥 𝘳𝘦𝘧𝘶𝘴𝘦 𝘰𝘧 𝘺𝘰𝘶𝘳 𝘵𝘦𝘦𝘮𝘪𝘯𝘨 𝘴𝘩𝘰𝘳𝘦.
𝘚𝘦𝘯𝘥 𝘵𝘩𝘦𝘴𝘦, 𝘵𝘩𝘦 𝘩𝘰𝘮𝘦𝘭𝘦𝘴𝘴, 𝘵𝘦𝘮𝘱𝘦𝘴𝘵-𝘵𝘰𝘴𝘵 𝘵𝘰 𝘮𝘦,
𝘐 𝘭𝘪𝘧𝘵 𝘮𝘺 𝘭𝘢𝘮𝘱 𝘣𝘦𝘴𝘪𝘥𝘦 𝘵𝘩𝘦 𝘨𝘰𝘭𝘥𝘦𝘯 𝘥𝘰𝘰𝘳!”","“Colossus,” italicized."
"llipses",".
.
.
.
.
.
.
.
.
.
.
.
.
.",""
"lucifer","ÄÄÄÄÄÄÄÄÄÄÄÄÄÄÄÄÄÄÄÄÄÄÄÄÄÄÄÄÄÄÄÄÄÄÄÄÄÄÄÄÄÄÄÄÄÄÄÄÄÄÄÄÄÄÄÄÄÄÄÄÄÄÄÄÄÄÄÄÄÄÄ
DISCLAIMER:    This text file is distributed SOLELY for the educational
pursuits  and  reading  pleasure  of  our  followers.   The information
contained  herein  may  be considered to be sensitive and illegal under
misuse. This information is released under the Freedom of Speech of the
U.S. Constitution and  the Freedom of Information Act.     The material
herein is NOT intended for actual use.    Any such use by third parties
will **NOT** hold the authors,  and the Legions of Lucifer Tfiles Group
respsonsible for their actions.   This file is not intended for persons
with criminal minds, or for old ladies with pacemakers...
ÄÄÄÄÄÄÄÄÄÄÄÄÄÄÄÄÄÄÄÄÄÄÄÄÄÄÄÄÄÄÄÄÄÄÄÄÄÄÄÄÄÄÄÄÄÄÄÄÄÄÄÄÄÄÄÄÄÄÄÄÄÄÄÄÄÄÄÄÄÄÄ
",""
"mute1","s ʇ d n ɹ ɹ ǝ ʇ u ı   o ı p n ɐ","For bitching about audio interrupts on iOS."
"mute2","🅐 🅤 🅓 🅘 🅞   🅘 🅝 🅣 🅔 🅡 🅡 🅤 🅟 🅣 🅢","For bitching about audio interrupts on iOS."
"normie","𝘯   𝘰   𝘳   𝘮   𝘪   𝘦","Normie"
"nutscolossus","nOT LIKE tHe Brazen GiAnT OF GrEeK FAME,
wITh ConQueRInG limbS aStRide FrOm LaND tO LAnd;
HERe At OUR SeA-wASheD, sunSEt GaTes ShaLl staND
A MIghtY WOmAN With A TORCH, WHoSe fLAmE
IS tHE IMpRIsONeD liGhtNINg, aND HEr NamE
MoTher oF EXiLEs. FROM hEr BEaCoN-haNd
gLOWS WorLd-WIdE WelcOMe; Her milD EYEs cOMManD
tHe AIR-BrIDged HARBOr THAT TwIn cITIES FrAme.
“keeP, ANCiEnT LandS, YOUR StorIeD pomP!” criEs sHE
wIth SilEnT LiPs. “GivE mE YouR TirEd, yOuR pOoR,
YOUR huDDLEd MAssEs yEaRNiNg To bReathe FREE,
THE WretCHed rEFUsE Of YOur TeEMiNG SHORe.
sENd ThEse, ThE hoMEleSS, TEmPest-ToSt TO ME,
I lIfT mY LAMP bEsIdE The golDEn DooR!”","“Colossus,” taken differently. "
"pappy","
!7???????????JJJJJJJJJJJYYYJ??J~         ^?777777!!7!!!~^:......
7??JJJJJJJJJJJJJJJYYYYY?!^^:::^::::..    .???7777777777!!~^::...
????JJJJJJJJJJJYJYYJ7!^^~^^~^^^~^^^^^^::..~JJJ???????777!!!~^::.
:^~7?JYYYYYYYYYYYY7~~!!!7!~^!YJ?7!!7!~~!~^::~?YJJJ?????7777!!~^:
    ..:~7?YYJ??!:.^^..^Y5J?~P&BG5?J#BB57??7^^^!JYYJJJJJ????777!!
         ^PBP??Y?.!~^~!PPJ?~G&BBY7?BG&&~?J?J!!~~JYYYYYJJJJ????7!
         ^PB5?!J~PGB&&J75J?~G&##P?JGP@#.JBPG?~!!7YYJJJJYYJJJJ??7
         ^GB5??~YG5BGG#?!!~:G@&&GJJJJBJ~PBB#Y~~~~YYYYJJJJJJJJJJ?
         ~GB5!!5BPGG5PB#PY7~YPP5Y7?JY55PB#GBBPJ7~55YYYYJJJJJ?JJ?
         ?55YP#BB#B5YYPG#BBBB#B######B##BGP5J?7?!~?JY5YYYJJJ??JJ
~.       ..!B##BBG5YYY5PP5PGB#######BBGGBBGPJ7!~~~~~7J55YYYYJJJJ
PY^        .PB##BBBGPJ?77?Y5PB#BGGGGPPPPPPGGPY?!~7????YYYYPP5YYJ
Y5PJ:      ^PG5JYYPPPY777JYPGPY?7!!!?J?JGBGYYPPJ?Y5Y5P5???~7?JYY
555PP?.   .?G77JY5GB##P~~JPG##B###B5???!7Y#@G5GY5PPGBBGPG?    .:
5555PP5~  !PB~5GGGGB##Y::!JYGGP5555YJ?!!~!Y&@PGYYGGBB#@@#7      
555555PPJ^?&#~!7JY5P5?~::~!!!!7???!!~!!!~!?G@BPBPG#B&&@@B:      
55555555PJ?&&7!!~^~!!~:.:^~~J?^:::^^~!!7!!JG@#PBBB##&#@&~       
555PPPPGJ.7&&P!^:^??~^::^^^^!PY!^^^~^~7??JPB@#P5G&#BY^B@~       
55PPPGG!  P&&&7~~7PJ?YJJ5GBG5?!J?!!!!!7?JYG#@#P5PBJ:  P&.   ..^!
PPPGBP^   G&&@P~7YJ~!?J5P5J?7^^~?777!!7?JYP#@GB5?GP~..#B:~7J5PPP
PGGBY.    ~#&&&777!!JJ?JJJJJYJ?!~!!777??JYP#&PY?JY&#G##GPGPPPPPP
GBG7.      :Y5#P7~~?PG555555PP5J7!!77??JJ5G&#7B5YPJ?J7BBGGGGPPPP
B5^         YBG#577?77777???77!7??7???JJY5G&#PY5Y?~?G~^?YPPGGGGG
?.         ~#&GJG?J?7?J555Y?77!7?JJ?JJY5PPGBBB5?~~~YY~!7~^~!!JY7
....       .!&@5^?J5J?!!!~~~!!!7JYYYYY5GGB##GJ7!~~7J7?Y?77~^^:..
.........::.:&G:^^^!YY?77?JJJJJ?JYPPPGB#&#GY7!!!~~!77Y??7!!!^^:.
.......^:::::5!~~~~^:7Y5PPPPPPPPGGBBB#&###7!!!!!~~~!J??7!77!~^^7
.....^~^^^^^^?5!!~^::^^75GGGGGGGGGBB##5YG&B~~!~^~^^JJ?77?!!!~^^^
:...:~~^^~~^~?5Y~^^^^^^!J55PPPPPPGGB#P?5PG&G~::^^:7Y??!J!~!!~^^^
:^!J!~~~~~~~~775PG##7~~7!5P5555PPGGBBYYY5BBBBJ~^:^GJJ!?7~~~~~^^^
G#&B!~~~~~~^!??JP?PB?!7^.:GP555555PPJ?JPP5J5#BGGGGPJ?!J!~~~~~^^:
#&5^~^^~~~^^!JJJP?J5GPY:..:BG5555PP?YPGPJ?JGB55PP5J?!J?~~~~~~^^.
#P.^~^^^^^::!JJJ5J7Y55BGYJ~~PG55PPY5GPJ??YGBY?JJJ?77!J?7!~^~~^:.
B: ^^::^^:::!?JY55!7?YP5J557!JPGGYPGY?!7YPGPJ???77!!!Y?!~~^^^^::
?.::^:::^^:^!?JY5P!7JPBPJ77777?GYPGY?!~YYPPY???7!!!~!J?!~^^::^::
..:.^..:::^^~!J5GGPBBB#GPJ!!~~~!G#P??!JYJJJJ???7!~~~!J?~~^:::^::
....^:::::^~!^~7?777YGB#PPY7: .J#GJ7?7Y!77??777!~^~^~??~^^::::^:
....:^::.::~~^^~~~~^~GB5?JGG57?PBBG5J7!~77??7!!~^^~^^7?^^::::^^~
....:!::..:^~:^^~~^:^#G5GPG#5J5GGGB5?!~~~!J!!~^^:^^^:~?^^^:::^~~
  ..:^:::.:^^:^^~^:.~#G#BGGP7PPGG57~~!~~^!7^~~^:^^^:^^?^:::::~^^","Pappy Boyington."
"siah","My name is 
𝔍𝔬𝔰𝔦𝔞𝔥 
𝒶𝓃𝒹 
I have 
a
l͟o͟t͟
of 
P̶̠̄ I̶͓͌̾ S̷̨̩̚ S̷̨̩̚",""
"sneeze","𝚐 𝚎 𝚜 𝚞 𝚗 𝚍 𝚑 𝚎 𝚒 𝚝","Good health to you!"
"str.10","냺귛ꮚꮗ꫶ꪆꪮꪜꩽꨴꨄ꧅꧁ħʰ☛䷫⚊","String 10"
"str1","⁌•-¬䷂☃︎𝄫𝄢⟫L𝔒’⌤⌄∔×−฿🄕𝄢","String 1"
"str2","⦿𝄞䷉☶🄙☞☷䷃⇧⇥䷃⠁⠅⠉⠅╺ȹ⠉⠉⠅∓™‘⣽⣳⣣⣜⣔⣔⣊⣊⣅⢾⢯⢧⢛⢌⡷⡲⡟⡏⠿⠩⠘⠃⠄╹┢┡╟╛╒┒ʙβ┼╋└┫┐┬ȹ╇╸╺═⠁","String 2"
"str3","“䷙̴͙̟͓̠̖̙̺̗̼͔̳̬̪͖̜̻̐̄͐̈́ͫ́̀̚͜͠⇡̴̧͑ͬ̓̏̅̓ͥ̑͐̌̆̊́҉̡̞͉͕̞⇞̢̬̱͓̤̟̍ͭ̇͊̓ͭͮͫ̾ͧ͆̈́̐̀ͅ╂̌ͦ̃ͧ̇̌̌͗ͧ̃ͬ̂̂ͬ̀́̕͏̶̖̣͍̟͎̼̻̤̦̗̜̦̰̮͡ͅ⠠̵̟̦͇̱͕͚͖̤̥̄̄̎ͤ͌̈̊̃̍͊͛̓̓͗̀⌆̨̨̛̯̩̰͚͚̯͉̺͚̃ͬͦ̎̊̽̅̽ͯͤ͒͐ͧ͐̋͌ͅ⇭̵̡̑̈ͩͪ́͡҉͖̯̲̠͓̫͕̬͉̺̥̮͕⚙︎̡͑̾͂͛ͯͥ́̀͏̶̲̱̺̱͖̤̲̘͔͖̥͚͕̜⌄̗̻͓̪͚̻̖̜̞̦̍ͮ̂ͪ̓͛̑͑̀̉̋͟͜〖̸̝͈̻̟͙̙̠͉̫̖͙͗̔̇ͮͪ͐̆͑̍́͟͠”","String 3"
"str4","䷙̴͙̟͓̠̖̙̺̗̼͔̳̬̪͖̜̻̐̄͐̈́ͫ́̀̚͜͠⇡̴̧͑ͬ̓̏̅̓ͥ̑͐̌̆̊́҉̡̞͉͕̞⇞̢̬̱͓̤̟̍ͭ̇͊̓ͭͮͫ̾ͧ͆̈́̐̀ͅ╂̌ͦ̃ͧ̇̌̌͗ͧ̃ͬ̂̂ͬ̀́̕͏̶̖̣͍̟͎̼̻̤̦̗̜̦̰̮͡ͅ⠠̵̟̦͇̱͕͚͖̤̥̄̄̎ͤ͌̈̊̃̍͊͛̓̓͗̀⌆̨̨̛̯̩̰͚͚̯͉̺͚̃ͬͦ̎̊̽̅̽ͯͤ͒͐ͧ͐̋͌ͅ⇭̵̡̑̈ͩͪ́͡҉͖̯̲̠͓̫͕̬͉̺̥̮͕⚙︎̡͑̾͂͛ͯͥ́̀͏̶̲̱̺̱͖̤̲̘͔͖̥͚͕̜⌄̗̻͓̪͚̻̖̜̞̦̍ͮ̂ͪ̓͛̑͑̀̉̋͟͜〖̸̝͈̻̟͙̙̠͉̫̖͙͗̔̇ͮͪ͐̆͑̍́͟͠⠎̷̶̨̹͇̻͈͇̜͎͇̤̳͎̙̐͛ͨ̈́̍̃ͣ͆͆̒ͧ͐ͮ̒͑̊̌̈͘͝ͅɜ̨̻̺̠̼͇̫̠̊͊ͤ̉ͬ̈́̂̅̂ͪ̈ͤ͗̅͛͡ͅ℈̵̉̉͐͐̓ͯ̽̈͂ͩͬ̍̒̀ͮ͗̎̚҉҉̸̛̭̭͕̳","String 4"
"str5","䷙⇡⇞╂⠠⌆⇭⚙︎⌄〖⠎ɜ℈","String 5"
"str6","ʉΧ҉𒍫𒌭𒌾𓆛𓇵𓏊𖾒𞤚𞤔🁷🊒𥅦","String 6"
"str7","𝒫ℋ𝒜+8𝒥2𝒴𝓁𝒻𝒞𝒹𝓂ℒ𝒟𝓌𝓃𝒵𝒾1ℐ𝒫𝒞𝒹𝓂𝒦3𝓌𝓃𝒵𝒾𝓆8𝒥2𝒴𝓇𝒫𝒞𝒹𝓂𝒦𝒴ℊ8𝒥2𝒴𝓉𝒻𝒞𝒹𝓂𝒦𝓃𝓌𝓃𝒵𝒾𝓂ℐ𝒫𝒞𝒹𝓂𝒦𝒫𝓌𝓃𝒵𝒾𝓏8𝒥2𝒴ℴ𝓋𝒞𝒹𝓂ℒ𝓋𝓌𝓃𝒵𝒾𝓂8𝒥2𝒴𝓇𝓎𝒟𝓌𝓃𝒵𝒾ℴ8𝒥2𝒴𝓆𝓋𝒞𝒹𝓂𝒦ℒ𝓌𝓃𝒵𝒾𝓋8𝒥2𝒴𝓉𝒮𝒟𝓌𝓃𝒵𝒾𝓌8𝒥2𝒴𝓅𝓎𝒟𝓌𝓃𝒵𝒾𝒪8𝒥2𝒴𝓈/𝒞𝒹𝓂𝒦𝒷𝓌𝓃𝒵𝒾𝓂8𝒥2𝒴𝓇𝒞𝒟𝓌𝓃𝒵𝒾𝓃8𝒥2𝒴ℴ𝓋𝒞𝒹𝓂𝒦7𝓌𝓃𝒵𝒾𝓂ℒ𝒜𝓇𝓌𝓃𝒵𝒾ℯ8𝒥2𝒴𝓆𝓋𝒞𝒹𝓂ℒ𝒳𝓌𝓃𝒵𝒾𝓅ℐ𝒫𝒞𝒹𝓂𝒦𝒯𝓌𝓃𝒵𝒾𝓌8𝒥2𝒴𝓇/𝒞𝒹𝓂ℒℒ𝓌𝓃𝒵𝒾28𝒥2𝒴𝓅𝓋𝒞𝒹𝓂ℒ𝒫𝓌𝓃𝒵𝒾𝓆8𝒥2𝒴𝓇/𝒞𝒹𝓂𝒦ℊℊ8𝒥2𝒴𝓇𝒻𝒞𝒹𝓂𝒦𝓇𝓌𝓃𝒵𝒾𝓊8𝒥2𝒴ℴ/𝒞𝒹𝓂ℒ𝒬ℊ8𝒥2𝒴ℴ𝓋𝒞𝒹𝓂ℒ𝒯𝓌𝓃𝒵𝒾18𝒥2𝒴𝓈/𝒞𝒹𝓂𝒦𝓇𝓌𝓃𝒵𝒾𝓁8𝒥2𝒴𝓅𝒾𝒟𝓌𝓃𝒵𝒾𝓃8𝒥2𝒴𝓈/𝒞𝒹𝓂ℒ𝒟𝓌𝓃𝒵𝒾𝓊ℐ𝒫𝒞𝒹𝓂𝒦3𝓌𝓃𝒵𝒾𝒾8𝒥2𝒴𝓇/𝒞𝒹𝓂𝒦𝒰ℊ8𝒥2𝒴𝓉𝒻𝒞𝒹𝓂ℒ𝒜ℊ8𝒥2𝒴𝓇𝒻𝒞𝒹𝓂𝒦ℒ𝓌𝓃𝒵𝒾𝓋8𝒥2𝒴𝓅𝒯𝓈𝒦8𝒥2𝒴𝒿/𝒞𝒹𝓂𝒦𝒷𝓌𝓃𝒵𝒾𝓏8𝒥2𝒴𝓅𝒾𝒟𝓌𝓃𝒵𝒾𝒾8𝒥2𝒴𝓉𝒮𝒟𝓌𝓃𝒵𝒾𝓌8𝒥2𝒴𝓉𝓋𝒞𝒹𝓂ℒℳℊ8𝒥2𝒴𝓉𝒫𝒞𝒹𝓂𝒦𝒷𝓌𝓃𝒵𝒾𝒾ℒ𝒻𝒞𝒹𝓂ℒ𝒿𝓌𝓃𝒵𝒾𝒾8𝒥2𝒴𝓉𝒫𝒞𝒹𝓂𝒦𝓃𝓌𝓃𝒵𝒾𝓂8𝒥2𝒴𝓅𝒮𝓌ℊ8𝒥2𝒴𝓉𝒫𝒞𝒹𝓂ℒ𝒷𝓌𝓃𝒵𝒾𝓋8𝒥2𝒴𝓉𝒫𝒞𝒹𝓂𝒦𝒷𝓌𝓃𝒵𝒾1ℐ𝒫𝒞𝒹𝓂𝒦𝒿𝓌𝓃𝒵𝒾𝒾8𝒥2𝒴𝓉𝒻𝒞𝒹𝓂𝒦𝒷𝓌𝓃𝒵𝒾0ℐ𝒫𝒞𝒹𝓂ℒ𝒯𝓌𝓃𝒵𝒾𝓅8𝒥2𝒴ℴ𝓋𝒞𝒹𝓂𝒦3𝓌𝓃𝒵𝒾𝓉ℐ𝒫𝒞𝒹𝓂ℒ𝒯𝓌𝓃𝒵𝒾18𝒥2𝒴ℴ𝓋𝒞𝒹𝓂𝒦/𝓌𝓃𝒵𝒾𝓁𝒞𝓋𝒞𝒹𝓂ℐℊℊ8𝒥2𝒴𝓇𝓋𝒞𝒹𝓂𝒦𝓇𝓌𝓃𝒵𝒾ℴ8𝒥2𝒴𝓆𝒻𝒞𝒹𝓂ℒ𝒳𝓌𝓃𝒵𝒾6ℐ𝒫𝒞𝒹𝓂ℒ𝒿𝓌𝓃𝒵𝒾𝓌8𝒥2𝒴𝓇𝓋𝒞𝒹𝓂𝒦ℒ𝓌𝓃𝒵𝒾𝓋ℐ𝒫𝒞𝒹𝓂ℒ𝒿𝓌𝓃𝒵𝒾𝓆8𝒥2𝒴𝓉𝒻𝒞𝒹𝓂𝒦𝓀ℊ8𝒥2𝒴ℴ𝒾𝒟𝓌𝓃𝒵𝒾18𝒥2𝒴𝓈𝒫𝒞𝒹𝓂ℒ𝒫𝓌𝓃𝒵𝒾𝓀8𝒥2𝒴𝓆𝒮𝓌ℊ8𝒥2𝒴𝓊𝒫𝒞𝒹𝓂𝒦𝓃𝓌𝓃𝒵𝒾𝓌8𝒥2𝒴𝓉𝒫𝒞𝒹𝓂𝒦𝒴ℊ8𝒥2𝒴𝓅/𝒞𝒹𝓂𝒦3𝓌𝓃𝒵𝒾𝒾8𝒥2𝒴𝓇𝓋𝒞𝒹𝓂𝒦𝒴𝒦8𝒥2𝒴𝓀𝒫𝒞𝒹𝓂ℒ𝒬ℊ8𝒥2𝒴𝓉𝒻𝒞𝒹𝓂𝒦𝓃𝓌𝓃𝒵𝒾𝓂ℐ𝒫𝒞𝒹𝓂𝒦𝓇𝓌𝓃𝒵𝒾𝓊8𝒥2𝒴𝓈𝒻𝒞𝒹𝓂ℒ𝒫𝓌𝓃𝒵𝒾𝓆8𝒥2𝒴𝓉𝒫𝒞𝒹𝓂ℒ𝒟𝓌𝓃𝒵𝒾𝓋8𝒥2𝒴𝓅𝓋𝒞𝒹𝓂𝒦𝒰ℊ8𝒥2𝒴𝓇𝒻𝒞𝒹𝓂𝒦𝓇𝓌𝓃𝒵𝒾ℴ8𝒥2𝒴𝓆𝒻𝒞𝒹𝓂ℒ𝒳𝓌𝓃𝒵𝒾𝓋8𝒥2𝒴𝓆𝓋𝒞𝒹𝓂𝒦/𝓌𝓃𝒵𝒾ℴℒ𝒞𝒟𝓌𝓃𝒵𝒾𝒾8𝒥2𝒴𝓇/𝒞𝒹𝓂𝒦𝒰ℊ8𝒥2𝒴𝓆𝒻𝒞𝒹𝓂𝒦𝒷𝓌𝓃𝒵𝒾𝓏ℐ𝒫𝒞𝒹𝓂𝒦/𝓌𝓃𝒵𝒾𝒾8𝒥2𝒴𝓇𝓋𝒞𝒹𝓂𝒦𝒴𝒦8𝒥2𝒴𝓁𝒫𝒞𝒹𝓂ℒ𝒟𝓌𝓃𝒵𝒾18𝒥2𝒴𝓆𝒻𝒞𝒹𝓂𝒦𝒷𝓌𝓃𝒵𝒾𝓏ℐ𝒫𝒞𝒹𝓂ℒ𝒟𝓌𝓃𝒵𝒾𝓃ℐ𝒫𝒞𝒹𝓂ℐ𝓏𝓌𝓃𝒵𝒾58𝒥2𝒴𝓆𝓋𝒞𝒹𝓂𝒦3𝓌𝓃𝒵𝒾𝓂8𝒥2𝒴𝓉𝒞4ℊ8𝒥2𝒴𝒿𝒻𝒞𝒹𝓂ℒ𝒫𝓌𝓃𝒵𝒾𝓌8𝒥2𝒴𝓇𝒾𝒟𝓌𝓃𝒵𝒾𝓅8𝒥2𝒴𝓅𝓋𝒞𝒹𝓂ℒℳℊ8𝒥2𝒴ℴ/𝒞𝒹𝓂𝒦𝒷𝓌𝓃𝒵𝒾𝒾8𝒥2𝒴𝓅𝒫𝒞𝒹𝓂ℒ𝒟𝓌𝓃𝒵𝒾𝓋ℒ𝒻𝒞𝒹𝓂𝒦𝓃𝓌𝓃𝒵𝒾𝒾8𝒥2𝒴𝓇/𝒞𝒹𝓂𝒦𝒰𝒦8𝒥2𝒴𝒿𝓋𝒞𝒹𝓂𝒦3𝓌𝓃𝒵𝒾𝓌8𝒥2𝒴𝓊𝒫𝒞𝒹𝓂ℒ𝒬ℊ8𝒥2𝒴𝓊𝒫𝒞𝒹𝓂ℒ𝒟𝓌𝓃𝒵𝒾𝓏8𝒥2𝒴𝓇𝒻𝒞𝒹𝓂𝒦𝒰𝓉8𝒥2𝒴𝓊𝒫𝒞𝒹𝓂𝒦𝓇𝓌𝓃𝒵𝒾𝓁8𝒥2𝒴𝓅𝒾𝒟𝓌𝓃𝒵𝒾48𝒥2𝒴𝓅𝓋𝒞𝒹𝓂𝒦3𝓌𝓃𝒵𝒾𝓀8𝒥2𝒴𝓈𝒫𝒞𝒹𝓂𝒦7𝓌𝓃𝒵𝒾𝓂𝒪𝓎𝒟𝓌𝓃𝒵𝒾𝓅8𝒥2𝒴𝓅𝓋𝒞𝒹𝓂ℒℳℊ8𝒥2𝒴𝓇𝓋𝒞𝒹𝓂𝒦𝓇𝓌𝓃𝒵𝒾𝓉8𝒥2𝒴𝓅𝒮𝒟𝓌𝓃𝒵𝒾𝓂8𝒥2𝒴𝓊𝓋𝒞𝒹𝓂𝒦𝒷𝓌𝓃𝒵𝒾0ℐ𝒫𝒞𝒹𝓂𝒦𝒯𝓌𝓃𝒵𝒾𝓌8𝒥2𝒴𝓇𝓋𝒞𝒹𝓂𝒦7𝓌𝓃𝒵𝒾𝒾8𝒥2𝒴𝓇/𝒞𝒹𝓂𝒦𝒰𝒦8𝒥2𝒴𝓂/𝒞𝒹𝓂𝒦𝓃𝓌𝓃𝒵𝒾𝓂ℐ𝒫𝒞𝒹𝓂𝒦ℒ𝓌𝓃𝒵𝒾𝓆8𝒥2𝒴𝓈𝓎3𝓌𝓃𝒵𝒾𝒿8𝒥2𝒴𝓈/𝒞𝒹𝓂𝒦𝓇𝓌𝓃𝒵𝒾𝓁8𝒥2𝒴𝓆𝒫𝒞𝒹𝓂𝒦𝒷𝓌𝓃𝒵𝒾𝓁ℐ𝒫𝒞𝒹𝓂𝒦𝓃𝓌𝓃𝒵𝒾𝒾8𝒥2𝒴𝓈/𝒞𝒹𝓂𝒦𝒫𝓌𝓃𝒵𝒾𝓌8𝒥2𝒴𝓈𝓎𝒟𝓌𝓃𝒵𝒾18𝒥2𝒴𝓆𝒻𝒞𝒹𝓂𝒦ℒ𝓌𝓃𝒵𝒾1ℐ𝒫𝒞𝒹𝓂ℒ𝒳𝓌𝓃𝒵𝒾48𝒥2𝒴𝓆𝓋𝒞𝒹𝓂𝒦8ℊ8𝒥2𝒴𝓅𝒫𝒞𝒹𝓂𝒦𝓇𝓌𝓃𝒵𝒾18𝒥2𝒴𝓆𝓋𝒞𝒹𝓂𝒦𝒷𝓌𝓃𝒵𝒾0ℐ𝒫𝒞𝒹𝓂𝒦𝒻𝓌𝓃𝒵𝒾𝓏8𝒥2𝒴ℴ𝓋𝒞𝒹𝓂𝒦7𝓌𝓃𝒵𝒾𝓂ℒℊ𝓇𝒾ℊ𝒥𝓏𝓌𝓃𝒵𝒾𝒮8𝒥2𝒴𝓅𝓋𝒞𝒹𝓂𝒦𝒷𝓌𝓃𝒵𝒾𝓍ℒ𝒞𝒟𝓌𝓃𝒵𝒾𝒾8𝒥2𝒴𝓇/𝒞𝒹𝓂𝒦𝒯𝓌𝓃𝒵𝒾𝓆8𝒥2𝒴𝓅𝓋𝒞𝒹𝓂𝒦/𝓌𝓃𝒵𝒾1ℐ𝒫𝒞𝒹𝓂𝒦3𝓌𝓃𝒵𝒾𝒾8𝒥2𝒴𝓇/𝒞𝒹𝓂𝒦𝒳𝓌𝓃𝒵𝒾0ℒ𝒞𝒟𝓌𝓃𝒵𝒾68𝒥2𝒴𝓈𝒫𝒞𝒹𝓂ℒ𝒷𝓌𝓃𝒵𝒾𝓏ℐ𝒫𝒞𝒹𝓂ℒ𝒯𝓌𝓃𝒵𝒾18𝒥2𝒴𝓈𝒫𝒞𝒹𝓂ℒ𝒫𝓌𝓃𝒵𝒾𝓆8𝒥2𝒴𝓅𝓋𝒞𝒹𝓂𝒦𝒰ℊ8𝒥2𝒴𝓈𝒻𝒞𝒹𝓂ℒ𝒟𝓌𝓃𝒵𝒾𝓊8𝒥2𝒴𝓈𝒮ℋ𝒾ℊ𝒥0ℊ8𝒥2𝒴𝓅𝒫𝒞𝒹𝓂ℒ𝒫𝓌𝓃𝒵𝒾𝓆8𝒥2𝒴𝓅𝓋𝒞𝒹𝓂ℒ𝒬ℊ8𝒥2𝒴𝓉𝒫𝒞𝒹𝓂𝒦𝓃𝓌𝓃𝒵𝒾𝓂𝒞𝓋𝒞𝒹𝓂𝒥7𝓌𝓃𝒵𝒾𝓆8𝒥2𝒴𝓉𝒻𝒞𝒹𝓂𝒦𝓀ℊ8𝒥2𝒴𝓉𝒫𝒞𝒹𝓂𝒦𝓇𝓌𝓃𝒵𝒾𝓉8𝒥2𝒴𝓅𝓋𝒞𝒹𝓂𝒦/𝓌𝓃𝒵𝒾1ℐ𝒫𝒞𝒹𝓂𝒦3𝓌𝓃𝒵𝒾𝓆8𝒥2𝒴𝓈𝒻𝒞𝒹𝓂ℒ𝒬𝓊ℐ𝒪𝒦𝒜𝓃𝒫𝒞𝒹𝓂ℐ7𝓌𝓃𝒵𝒾𝓆8𝒥2𝒴𝓉/𝒞𝒹𝓂𝒦𝒴ℊ8𝒥2𝒴𝓇𝓋𝒞𝒹𝓂𝒦𝒴ℊ8𝒥2𝒴𝓊𝓋𝒞𝒹𝓂ℒ𝒟𝓌𝓃𝒵𝒾28𝒥2𝒴𝓈𝓎𝒟𝓌𝓃𝒵𝒾18𝒥2𝒴𝓆𝓋𝒞𝒹𝓂ℒ𝒫𝓌𝓃𝒵𝒾𝓂8𝒥2𝒴𝓅𝒮𝓌ℊ8𝒥2𝒴𝓊𝓋𝒞𝒹𝓂ℒ𝒟𝓌𝓃𝒵𝒾28𝒥2𝒴𝓈𝓎𝒟𝓌𝓃𝒵𝒾𝓍8𝒥2𝒴𝓈𝒫𝒞𝒹𝓂ℒ𝒟𝓌𝓃𝒵𝒾𝓏ℒ𝒜𝓇𝓌𝓃𝒵𝒾ℊ8𝒥2𝒴𝓈𝒫𝒞𝒹𝓂ℒ𝒷𝓌𝓃𝒵𝒾𝓏ℐ𝒫𝒞𝒹𝓂𝒦𝓃𝓌𝓃𝒵𝒾28𝒥2𝒴𝓅𝒻𝒞𝒹𝓂𝒦𝒳𝓌𝓃𝒵𝒾𝓉8𝒥2𝒴𝓅𝓋𝒞𝒹𝓂𝒦𝒰ℊ8𝒥2𝒴𝓇𝓋𝒞𝒹𝓂𝒦ℒ𝓌𝓃𝒵𝒾08𝒥2𝒴𝓉𝒫𝒞𝒹𝓂𝒦𝒷𝓌𝓃𝒵𝒾0ℐ𝒫𝒞𝒹𝓂ℒ𝓇𝓌𝓃𝒵𝒾𝓂8𝒥2𝒴ℴ𝓋𝒞𝒹𝓂ℒ𝒫𝓌𝓃𝒵𝒾𝓋8𝒥2𝒴𝓆𝓋𝒞𝒹𝓂𝒦/𝓌𝓃𝒵𝒾ℴℐ𝒫𝒞𝒹𝓂ℒ𝒳𝓌𝓃𝒵𝒾𝓌ℐ𝒫𝒞𝒹𝓂𝒦𝒫𝓌𝓃𝒵𝒾𝓏8𝒥2𝒴𝓅𝓋𝒞𝒹𝓂𝒦ℒ𝓌𝓃𝒵𝒾18𝒥2𝒴𝓆𝒻𝒞𝒹𝓂𝒦𝒴ℊ8𝒥2𝒴𝓅/𝒞𝒹𝓂ℒ𝒫𝓌𝓃𝒵𝒾𝓂8𝒥2𝒴𝓅𝒾𝓌𝒦8𝒥2𝒴𝓂/𝒞𝒹𝓂𝒦𝓃𝓌𝓃𝒵𝒾𝓂ℐ𝒫𝒞𝒹𝓂ℒ𝒿𝓌𝓃𝒵𝒾𝓏8𝒥2𝒴𝓅𝓋𝒞𝒹𝓂ℒ𝒳𝓌𝓃𝒵𝒾𝓀8𝒥2𝒴𝓆𝒻𝒞𝒹𝓂𝒦𝒷𝓌𝓃𝒵𝒾𝓁ℐ𝒫𝒞𝒹𝓂ℒ𝒫𝓌𝓃𝒵𝒾𝓂8𝒥2𝒴𝓅/𝒞𝒹𝓂ℒ𝒷𝓌𝓃𝒵𝒾08𝒥2𝒴𝓅𝒾𝒟𝓌𝓃𝒵𝒾𝓌8𝒥2𝒴𝓅𝓎𝒟𝓌𝓃𝒵𝒾68𝒥2𝒴𝓈𝒫𝒞𝒹𝓂ℒ𝒷𝓌𝓃𝒵𝒾𝓏ℐ𝒫𝒞𝒹𝓂ℒ𝒳𝓌𝓃𝒵𝒾𝓂8𝒥2𝒴𝓅𝓋𝒞𝒹𝓂𝒦7𝓌𝓃𝒵𝒾𝓆8𝒥2𝒴𝓇/𝒞𝒹𝓂𝒦ℊℊ8𝒥2𝒴𝓉𝒫𝒞𝒹𝓂𝒦𝓃𝓌𝓃𝒵𝒾𝓌8𝒥2𝒴𝓈/𝒞𝒹𝓂𝒦𝒴𝓊𝒞𝓋𝒞𝒹𝓂𝒥𝓇𝓌𝓃𝒵𝒾𝓂8𝒥2𝒴𝓇/𝒞𝒹𝓂𝒦𝒰ℊ8𝒥2𝒴𝓉𝒻𝒞𝒹𝓂𝒦𝓃𝓌𝓃𝒵𝒾𝓂8𝒥2𝒴𝓉𝒫𝒞𝒹𝓂𝒦𝒴𝓈ℐ𝒫𝒞𝒹𝓂ℒ𝒳𝓌𝓃𝒵𝒾𝓅8𝒥2𝒴𝓅𝒾𝒟𝓌𝓃𝒵𝒾𝓅8𝒥2𝒴𝓈𝒫𝒞𝒹𝓂𝒦7𝓌𝓃𝒵𝒾𝓂8𝒥2𝒴𝓇𝒻𝒞𝒹𝓂𝒦𝒷𝓌𝓃𝒵𝒾08𝒥2𝒴𝓉𝒞𝓌ℊ8𝒥2𝒴𝓉𝒻𝒞𝒹𝓂𝒦𝒷𝓌𝓃𝒵𝒾𝓊8𝒥2𝒴𝓈𝒻𝒞𝒹𝓂𝒦𝒷𝓌𝓃𝒵𝒾08𝒥2𝒴𝓉𝒮3𝓌𝓃𝒵𝒾18𝒥2𝒴𝓈𝒫𝒞𝒹𝓂ℒ𝒯𝓌𝓃𝒵𝒾1ℐ𝒫𝒞𝒹𝓂ℒ𝒳𝓌𝓃𝒵𝒾𝓌ℐ𝒫𝒞𝒹𝓂𝒦7𝓌𝓃𝒵𝒾𝓂ℒ𝒜𝓇𝓌𝓃𝒵𝒾𝒬ℐ𝒫𝒞𝒹𝓂𝒦3𝓌𝓃𝒵𝒾𝓆8𝒥2𝒴𝓅/𝒞𝒹𝓂ℒ𝒰ℊ8𝒥2𝒴𝓇𝓋𝒞𝒹𝓂ℒℴℊ8𝒥2𝒴𝓇𝒻𝒞𝒹𝓂𝒦ℒ𝓌𝓃𝒵𝒾𝓊8𝒥2𝒴𝓈𝒮𝒟𝓌𝓃𝒵𝒾𝒿8𝒥2𝒴𝓅𝓋𝒞𝒹𝓂ℒ𝒯𝓌𝓃𝒵𝒾𝓆8𝒥2𝒴𝓅𝒻𝒞𝒹𝓂𝒦𝒴ℊ8𝒥2𝒴𝓉𝒻𝒞𝒹𝓂𝒦𝓃𝓌𝓃𝒵𝒾𝓂ℐ𝒫𝒞𝒹𝓂𝒦𝒿𝓌𝓃𝒵𝒾𝓌8𝒥2𝒴𝓇𝒻𝒞𝒹𝓂𝒦𝒳𝓌𝓃𝒵𝒾𝓂8𝒥2𝒴𝓇𝓎𝒟𝓌𝓃𝒵𝒾𝓁8𝒥2𝒴𝓈𝒫𝒞𝒹𝓂ℒ𝒟𝓌𝓃𝒵𝒾𝓏ℐℯ𝒦𝒜𝓃𝒯𝓌𝓋𝒸𝒟4=","String 7"
"str8","🇲ѱ؂ܔৈଋഥ࿃ྥྜቇᒪᚉᚗៃᤚᬳᴕῂ•⃥⃤℩ℨ","String 8"
"str9","↮∿⏅╳▉◍➋➩⟗⟂⟂⟁⥭⧮⬪⭆ⱊⵙ⺒ム㉢㏗㐃","String 9"
"ty1","꓄ꈚꋬꁣ㏍ꈛ","Thanks!"
"ty2","ṮḧḀṆḲṠ","Thanks!"
"ty3","thänks","Thanks!"
"ty4","ᵗʰᵃᶰᵏˢ﻿","Thanks!"
"ty5","ᵗ̷́ʰ̨͝ᵃ͟͟ᶰ̛͜ᵏ̸̛ˢ̧́","Thanks!"
"ty6","ʇɥɐnks","Thanks!"
"ty7","㈦ꀡ▲n㉿ㄅ","Thanks!"
"ty8","SKNAHT","Thanks!"
"ty9","ⓣⓗⓐⓝⓚⓢ","Thanks!"
"wli1","Щ́̇͋ͯ̋̅Σ̾̒͋ͯͭ ̊ᄂ̋̈͐İͬV̏̆̊͛̍̌Σ̆ͣͣͭ͐ͫ̆̊ ͪͬ̿̈́̑ͤ̚IͫП̎̿͑ͦ͆̚ ͣͫ͌ͨ̈Λ̃͛̓ͦͪ͒̑̽ ͛̑ͤ͊ͭƬ̒I̅͌̊̑ͧͪM̈́̓Σ̋̏͂͐͊͆ͣ","We Live in a Time"
"wli2","Щ́̇͋ͯ̋̅͋̃͗ͨ̍ͤ̽̐ͦ͐̐͆̚͝҉̨̻̖̝̝́͠Σ̶̷͍͓͇̳͇̳̦̥͉͖̾̒͋ͯͭͮ̐̒ͧ̇ ̶̴̡̞̞̙̯̼̊̂ͪ́͒̊ͯ̽ͦͮͨ̀̀̔͛̑̂̚͠͞ᄂ̝̯̤͔̟̪̖̳̻̬͙̠̤̙̹̳̋̈͐͐ͩ͒̆ͪ͊̔͛͑̒ͥ̑̚͢͞İ̧̨ͬ̊̉̍̄̆҉̳̠̙̺̦V̶̶̢̝̦̳̦̯͕͉̰̳̲̖̳͍͚̲̫̝̏̆̊͛̍̌ͨ̾̈ͫͩͥ̅̆͋ͨͫ͐ͪͯ͘Σ̷̢̛͍̯̜̰͈̪̼̙͓͙̥̲͙̫͍̰̜̺̆ͣͣͭ͐ͫ̆̊̏̈́̑ͫͯͦ̾̒̈ͫ͛̐͌̽̐̔̀͒ͧ̀ ̴͈̗͇̖̭̠̲͕̫̘͍̳͍̤͇̪̘ͪͬ̿̈́̑ͤ̅ͧ̀ͮ̃͋̇̽͆̓ͩ̂̌́̚I̸̴̧͓̺͍͙̱͓͈̟̣̻̳̺̘͉̝̱͍͇ͫ̀̋̈́͒̆͜П̡̧̪̰̱̞̣̯̻͇̻͍̬̘̼͖̙̰̎̿͑ͦ͆̾͗͊ͨͮͦ̂̄̉ͤ̚͘͟ ̧̢̛̰͖͉̤̮̫͇͎͕̙ͣͫ͌ͨ̈̓͌̅̍̈ͣ͗͐̂ͣ͠͞Λ̶̴̥̘̗͓̩̦͇̦̹̃͛̓ͦͪ͒̑̽ͨ̌̓͛͂͌̈́̾̊̌ͯ̉̎͢ ̸͛̑ͤ͊ͭͫ̎͋̐̒̿ͭ̄̋̃̿̋̌͂̈͏̵̨͉͎͕̖͕͠Ƭ̒̂̆̔ͯ͌ͩ̔͆̌̏ͭͫͥ̂ͤͧ̎͒̆͏̶̛̩͖͎͔͖̬̝̲͓̼̟͙͜͟I̅͌̊̑ͧͪͭ̂̊ͭ̿͒̆ͬͤ͒͆ͬ̅̐̉̾͂҉͏͕̜̤̩͍̘̺̺̝͓̖̦̘͖̪̠M̸̈́̓̄̅̃̽ͥ̀̃̉̓̈́̈́̅̃ͯ̔ͩ̾͛͟҉̳͙͙̹̺̠̖̲̻̹̰̝͓Σ̶̧̮̹̙̲̫̱̋̏͂͐͊͆ͣ̈͂͌ͤ̽̇ͫ͛̍͋̑ͧ͞͞","We Live in A Time HUGE"
"xjs","[][(![]+[])[+[]]+([![]]+[][[]])[+!+[]+[+[]]]+(![]+[])[!+[]+!+[]]+(!![]+[])[+[]]+(!![]+[])[!+[]+!+[]+!+[]]+(!![]+[])[+!+[]]][([][(![]+[])[+[]]+([![]]+[][[]])[+!+[]+[+[]]]+(![]+[])[!+[]+!+[]]+(!![]+[])[+[]]+(!![]+[])[!+[]+!+[]+!+[]]+(!![]+[])[+!+[]]]+[])[!+[]+!+[]+!+[]]+(!![]+[][(![]+[])[+[]]+([![]]+[][[]])[+!+[]+[+[]]]+(![]+[])[!+[]+!+[]]+(!![]+[])[+[]]+(!![]+[])[!+[]+!+[]+!+[]]+(!![]+[])[+!+[]]])[+!+[]+[+[]]]+([][[]]+[])[+!+[]]+(![]+[])[!+[]+!+[]+!+[]]+(!![]+[])[+[]]+(!![]+[])[+!+[]]+([][[]]+[])[+[]]+([][(![]+[])[+[]]+([![]]+[][[]])[+!+[]+[+[]]]+(![]+[])[!+[]+!+[]]+(!![]+[])[+[]]+(!![]+[])[!+[]+!+[]+!+[]]+(!![]+[])[+!+[]]]+[])[!+[]+!+[]+!+[]]+(!![]+[])[+[]]+(!![]+[][(![]+[])[+[]]+([![]]+[][[]])[+!+[]+[+[]]]+(![]+[])[!+[]+!+[]]+(!![]+[])[+[]]+(!![]+[])[!+[]+!+[]+!+[]]+(!![]+[])[+!+[]]])[+!+[]+[+[]]]+(!![]+[])[+!+[]]](([][(![]+[])[+[]]+([![]]+[][[]])[+!+[]+[+[]]]+(![]+[])[!+[]+!+[]]+(!![]+[])[+[]]+(!![]+[])[!+[]+!+[]+!+[]]+(!![]+[])[+!+[]]]+[])[!+[]+!+[]+!+[]]+(!![]+[][(![]+[])[+[]]+([![]]+[][[]])[+!+[]+[+[]]]+(![]+[])[!+[]+!+[]]+(!![]+[])[+[]]+(!![]+[])[!+[]+!+[]+!+[]]+(!![]+[])[+!+[]]])[+!+[]+[+[]]]+([][[]]+[])[+!+[]]+(![]+[])[!+[]+!+[]+!+[]]+(!![]+[][(![]+[])[+[]]+([![]]+[][[]])[+!+[]+[+[]]]+(![]+[])[!+[]+!+[]]+(!![]+[])[+[]]+(!![]+[])[!+[]+!+[]+!+[]]+(!![]+[])[+!+[]]])[+!+[]+[+[]]]+(![]+[])[!+[]+!+[]]+(!![]+[])[!+[]+!+[]+!+[]]+(+(+!+[]+[+!+[]]+(!![]+[])[!+[]+!+[]+!+[]]+[!+[]+!+[]]+[+[]])+[])[+!+[]]+(![]+[])[!+[]+!+[]]+(!![]+[][(![]+[])[+[]]+([![]]+[][[]])[+!+[]+[+[]]]+(![]+[])[!+[]+!+[]]+(!![]+[])[+[]]+(!![]+[])[!+[]+!+[]+!+[]]+(!![]+[])[+!+[]]])[+!+[]+[+[]]]+(+![]+[![]]+([]+[])[([][(![]+[])[+[]]+([![]]+[][[]])[+!+[]+[+[]]]+(![]+[])[!+[]+!+[]]+(!![]+[])[+[]]+(!![]+[])[!+[]+!+[]+!+[]]+(!![]+[])[+!+[]]]+[])[!+[]+!+[]+!+[]]+(!![]+[][(![]+[])[+[]]+([![]]+[][[]])[+!+[]+[+[]]]+(![]+[])[!+[]+!+[]]+(!![]+[])[+[]]+(!![]+[])[!+[]+!+[]+!+[]]+(!![]+[])[+!+[]]])[+!+[]+[+[]]]+([][[]]+[])[+!+[]]+(![]+[])[!+[]+!+[]+!+[]]+(!![]+[])[+[]]+(!![]+[])[+!+[]]+([][[]]+[])[+[]]+([][(![]+[])[+[]]+([![]]+[][[]])[+!+[]+[+[]]]+(![]+[])[!+[]+!+[]]+(!![]+[])[+[]]+(!![]+[])[!+[]+!+[]+!+[]]+(!![]+[])[+!+[]]]+[])[!+[]+!+[]+!+[]]+(!![]+[])[+[]]+(!![]+[][(![]+[])[+[]]+([![]]+[][[]])[+!+[]+[+[]]]+(![]+[])[!+[]+!+[]]+(!![]+[])[+[]]+(!![]+[])[!+[]+!+[]+!+[]]+(!![]+[])[+!+[]]])[+!+[]+[+[]]]+(!![]+[])[+!+[]]])[!+[]+!+[]+[+[]]]+(![]+[][(![]+[])[+[]]+([![]]+[][[]])[+!+[]+[+[]]]+(![]+[])[!+[]+!+[]]+(!![]+[])[+[]]+(!![]+[])[!+[]+!+[]+!+[]]+(!![]+[])[+!+[]]])[!+[]+!+[]+[+[]]]+[][(![]+[])[+[]]+([![]]+[][[]])[+!+[]+[+[]]]+(![]+[])[!+[]+!+[]]+(!![]+[])[+[]]+(!![]+[])[!+[]+!+[]+!+[]]+(!![]+[])[+!+[]]][([][(![]+[])[+[]]+([![]]+[][[]])[+!+[]+[+[]]]+(![]+[])[!+[]+!+[]]+(!![]+[])[+[]]+(!![]+[])[!+[]+!+[]+!+[]]+(!![]+[])[+!+[]]]+[])[!+[]+!+[]+!+[]]+(!![]+[][(![]+[])[+[]]+([![]]+[][[]])[+!+[]+[+[]]]+(![]+[])[!+[]+!+[]]+(!![]+[])[+[]]+(!![]+[])[!+[]+!+[]+!+[]]+(!![]+[])[+!+[]]])[+!+[]+[+[]]]+([][[]]+[])[+!+[]]+(![]+[])[!+[]+!+[]+!+[]]+(!![]+[])[+[]]+(!![]+[])[+!+[]]+([][[]]+[])[+[]]+([][(![]+[])[+[]]+([![]]+[][[]])[+!+[]+[+[]]]+(![]+[])[!+[]+!+[]]+(!![]+[])[+[]]+(!![]+[])[!+[]+!+[]+!+[]]+(!![]+[])[+!+[]]]+[])[!+[]+!+[]+!+[]]+(!![]+[])[+[]]+(!![]+[][(![]+[])[+[]]+([![]]+[][[]])[+!+[]+[+[]]]+(![]+[])[!+[]+!+[]]+(!![]+[])[+[]]+(!![]+[])[!+[]+!+[]+!+[]]+(!![]+[])[+!+[]]])[+!+[]+[+[]]]+(!![]+[])[+!+[]]]((!![]+[])[+!+[]]+(!![]+[])[!+[]+!+[]+!+[]]+(!![]+[])[+[]]+([][[]]+[])[+[]]+(!![]+[])[+!+[]]+([][[]]+[])[+!+[]]+(+[![]]+[][(![]+[])[+[]]+([![]]+[][[]])[+!+[]+[+[]]]+(![]+[])[!+[]+!+[]]+(!![]+[])[+[]]+(!![]+[])[!+[]+!+[]+!+[]]+(!![]+[])[+!+[]]])[+!+[]+[+!+[]]]+([][[]]+[])[+[]]+([][[]]+[])[+!+[]]+(!![]+[])[!+[]+!+[]+!+[]]+(![]+[])[!+[]+!+[]+!+[]]+([][(![]+[])[+[]]+([![]]+[][[]])[+!+[]+[+[]]]+(![]+[])[!+[]+!+[]]+(!![]+[])[+[]]+(!![]+[])[!+[]+!+[]+!+[]]+(!![]+[])[+!+[]]]+[])[!+[]+!+[]+!+[]]+(![]+[])[+!+[]]+(+(!+[]+!+[]+[+!+[]]+[+!+[]]))[(!![]+[])[+[]]+(!![]+[][(![]+[])[+[]]+([![]]+[][[]])[+!+[]+[+[]]]+(![]+[])[!+[]+!+[]]+(!![]+[])[+[]]+(!![]+[])[!+[]+!+[]+!+[]]+(!![]+[])[+!+[]]])[+!+[]+[+[]]]+(+![]+([]+[])[([][(![]+[])[+[]]+([![]]+[][[]])[+!+[]+[+[]]]+(![]+[])[!+[]+!+[]]+(!![]+[])[+[]]+(!![]+[])[!+[]+!+[]+!+[]]+(!![]+[])[+!+[]]]+[])[!+[]+!+[]+!+[]]+(!![]+[][(![]+[])[+[]]+([![]]+[][[]])[+!+[]+[+[]]]+(![]+[])[!+[]+!+[]]+(!![]+[])[+[]]+(!![]+[])[!+[]+!+[]+!+[]]+(!![]+[])[+!+[]]])[+!+[]+[+[]]]+([][[]]+[])[+!+[]]+(![]+[])[!+[]+!+[]+!+[]]+(!![]+[])[+[]]+(!![]+[])[+!+[]]+([][[]]+[])[+[]]+([][(![]+[])[+[]]+([![]]+[][[]])[+!+[]+[+[]]]+(![]+[])[!+[]+!+[]]+(!![]+[])[+[]]+(!![]+[])[!+[]+!+[]+!+[]]+(!![]+[])[+!+[]]]+[])[!+[]+!+[]+!+[]]+(!![]+[])[+[]]+(!![]+[][(![]+[])[+[]]+([![]]+[][[]])[+!+[]+[+[]]]+(![]+[])[!+[]+!+[]]+(!![]+[])[+[]]+(!![]+[])[!+[]+!+[]+!+[]]+(!![]+[])[+!+[]]])[+!+[]+[+[]]]+(!![]+[])[+!+[]]])[+!+[]+[+[]]]+(!![]+[])[+[]]+(!![]+[])[+!+[]]+([![]]+[][[]])[+!+[]+[+[]]]+([][[]]+[])[+!+[]]+(+![]+[![]]+([]+[])[([][(![]+[])[+[]]+([![]]+[][[]])[+!+[]+[+[]]]+(![]+[])[!+[]+!+[]]+(!![]+[])[+[]]+(!![]+[])[!+[]+!+[]+!+[]]+(!![]+[])[+!+[]]]+[])[!+[]+!+[]+!+[]]+(!![]+[][(![]+[])[+[]]+([![]]+[][[]])[+!+[]+[+[]]]+(![]+[])[!+[]+!+[]]+(!![]+[])[+[]]+(!![]+[])[!+[]+!+[]+!+[]]+(!![]+[])[+!+[]]])[+!+[]+[+[]]]+([][[]]+[])[+!+[]]+(![]+[])[!+[]+!+[]+!+[]]+(!![]+[])[+[]]+(!![]+[])[+!+[]]+([][[]]+[])[+[]]+([][(![]+[])[+[]]+([![]]+[][[]])[+!+[]+[+[]]]+(![]+[])[!+[]+!+[]]+(!![]+[])[+[]]+(!![]+[])[!+[]+!+[]+!+[]]+(!![]+[])[+!+[]]]+[])[!+[]+!+[]+!+[]]+(!![]+[])[+[]]+(!![]+[][(![]+[])[+[]]+([![]]+[][[]])[+!+[]+[+[]]]+(![]+[])[!+[]+!+[]]+(!![]+[])[+[]]+(!![]+[])[!+[]+!+[]+!+[]]+(!![]+[])[+!+[]]])[+!+[]+[+[]]]+(!![]+[])[+!+[]]])[!+[]+!+[]+[+[]]]](!+[]+!+[]+!+[]+[+!+[]])[+!+[]]+(!![]+[])[!+[]+!+[]+!+[]])()([][(![]+[])[+[]]+([![]]+[][[]])[+!+[]+[+[]]]+(![]+[])[!+[]+!+[]]+(!![]+[])[+[]]+(!![]+[])[!+[]+!+[]+!+[]]+(!![]+[])[+!+[]]][([][(![]+[])[+[]]+([![]]+[][[]])[+!+[]+[+[]]]+(![]+[])[!+[]+!+[]]+(!![]+[])[+[]]+(!![]+[])[!+[]+!+[]+!+[]]+(!![]+[])[+!+[]]]+[])[!+[]+!+[]+!+[]]+(!![]+[][(![]+[])[+[]]+([![]]+[][[]])[+!+[]+[+[]]]+(![]+[])[!+[]+!+[]]+(!![]+[])[+[]]+(!![]+[])[!+[]+!+[]+!+[]]+(!![]+[])[+!+[]]])[+!+[]+[+[]]]+([][[]]+[])[+!+[]]+(![]+[])[!+[]+!+[]+!+[]]+(!![]+[])[+[]]+(!![]+[])[+!+[]]+([][[]]+[])[+[]]+([][(![]+[])[+[]]+([![]]+[][[]])[+!+[]+[+[]]]+(![]+[])[!+[]+!+[]]+(!![]+[])[+[]]+(!![]+[])[!+[]+!+[]+!+[]]+(!![]+[])[+!+[]]]+[])[!+[]+!+[]+!+[]]+(!![]+[])[+[]]+(!![]+[][(![]+[])[+[]]+([![]]+[][[]])[+!+[]+[+[]]]+(![]+[])[!+[]+!+[]]+(!![]+[])[+[]]+(!![]+[])[!+[]+!+[]+!+[]]+(!![]+[])[+!+[]]])[+!+[]+[+[]]]+(!![]+[])[+!+[]]]((!![]+[])[+!+[]]+(!![]+[])[!+[]+!+[]+!+[]]+(!![]+[])[+[]]+([][[]]+[])[+[]]+(!![]+[])[+!+[]]+([][[]]+[])[+!+[]]+(+[![]]+[][(![]+[])[+[]]+([![]]+[][[]])[+!+[]+[+[]]]+(![]+[])[!+[]+!+[]]+(!![]+[])[+[]]+(!![]+[])[!+[]+!+[]+!+[]]+(!![]+[])[+!+[]]])[+!+[]+[+!+[]]]+(!![]+[])[!+[]+!+[]+!+[]]+(![]+[])[!+[]+!+[]+!+[]]+([][(![]+[])[+[]]+([![]]+[][[]])[+!+[]+[+[]]]+(![]+[])[!+[]+!+[]]+(!![]+[])[+[]]+(!![]+[])[!+[]+!+[]+!+[]]+(!![]+[])[+!+[]]]+[])[!+[]+!+[]+!+[]]+(![]+[])[+!+[]]+(+(!+[]+!+[]+[+!+[]]+[+!+[]]))[(!![]+[])[+[]]+(!![]+[][(![]+[])[+[]]+([![]]+[][[]])[+!+[]+[+[]]]+(![]+[])[!+[]+!+[]]+(!![]+[])[+[]]+(!![]+[])[!+[]+!+[]+!+[]]+(!![]+[])[+!+[]]])[+!+[]+[+[]]]+(+![]+([]+[])[([][(![]+[])[+[]]+([![]]+[][[]])[+!+[]+[+[]]]+(![]+[])[!+[]+!+[]]+(!![]+[])[+[]]+(!![]+[])[!+[]+!+[]+!+[]]+(!![]+[])[+!+[]]]+[])[!+[]+!+[]+!+[]]+(!![]+[][(![]+[])[+[]]+([![]]+[][[]])[+!+[]+[+[]]]+(![]+[])[!+[]+!+[]]+(!![]+[])[+[]]+(!![]+[])[!+[]+!+[]+!+[]]+(!![]+[])[+!+[]]])[+!+[]+[+[]]]+([][[]]+[])[+!+[]]+(![]+[])[!+[]+!+[]+!+[]]+(!![]+[])[+[]]+(!![]+[])[+!+[]]+([][[]]+[])[+[]]+([][(![]+[])[+[]]+([![]]+[][[]])[+!+[]+[+[]]]+(![]+[])[!+[]+!+[]]+(!![]+[])[+[]]+(!![]+[])[!+[]+!+[]+!+[]]+(!![]+[])[+!+[]]]+[])[!+[]+!+[]+!+[]]+(!![]+[])[+[]]+(!![]+[][(![]+[])[+[]]+([![]]+[][[]])[+!+[]+[+[]]]+(![]+[])[!+[]+!+[]]+(!![]+[])[+[]]+(!![]+[])[!+[]+!+[]+!+[]]+(!![]+[])[+!+[]]])[+!+[]+[+[]]]+(!![]+[])[+!+[]]])[+!+[]+[+[]]]+(!![]+[])[+[]]+(!![]+[])[+!+[]]+([![]]+[][[]])[+!+[]+[+[]]]+([][[]]+[])[+!+[]]+(+![]+[![]]+([]+[])[([][(![]+[])[+[]]+([![]]+[][[]])[+!+[]+[+[]]]+(![]+[])[!+[]+!+[]]+(!![]+[])[+[]]+(!![]+[])[!+[]+!+[]+!+[]]+(!![]+[])[+!+[]]]+[])[!+[]+!+[]+!+[]]+(!![]+[][(![]+[])[+[]]+([![]]+[][[]])[+!+[]+[+[]]]+(![]+[])[!+[]+!+[]]+(!![]+[])[+[]]+(!![]+[])[!+[]+!+[]+!+[]]+(!![]+[])[+!+[]]])[+!+[]+[+[]]]+([][[]]+[])[+!+[]]+(![]+[])[!+[]+!+[]+!+[]]+(!![]+[])[+[]]+(!![]+[])[+!+[]]+([][[]]+[])[+[]]+([][(![]+[])[+[]]+([![]]+[][[]])[+!+[]+[+[]]]+(![]+[])[!+[]+!+[]]+(!![]+[])[+[]]+(!![]+[])[!+[]+!+[]+!+[]]+(!![]+[])[+!+[]]]+[])[!+[]+!+[]+!+[]]+(!![]+[])[+[]]+(!![]+[][(![]+[])[+[]]+([![]]+[][[]])[+!+[]+[+[]]]+(![]+[])[!+[]+!+[]]+(!![]+[])[+[]]+(!![]+[])[!+[]+!+[]+!+[]]+(!![]+[])[+!+[]]])[+!+[]+[+[]]]+(!![]+[])[+!+[]]])[!+[]+!+[]+[+[]]]](!+[]+!+[]+!+[]+[+!+[]])[+!+[]]+(!![]+[])[!+[]+!+[]+!+[]])()(([]+[])[([![]]+[][[]])[+!+[]+[+[]]]+(!![]+[])[+[]]+(![]+[])[+!+[]]+(![]+[])[!+[]+!+[]]+([![]]+[][[]])[+!+[]+[+[]]]+([][(![]+[])[+[]]+([![]]+[][[]])[+!+[]+[+[]]]+(![]+[])[!+[]+!+[]]+(!![]+[])[+[]]+(!![]+[])[!+[]+!+[]+!+[]]+(!![]+[])[+!+[]]]+[])[!+[]+!+[]+!+[]]+(![]+[])[!+[]+!+[]+!+[]]]()[+[]])[+[]]+(!+[]+!+[]+[!+[]+!+[]+!+[]+!+[]+!+[]+!+[]+!+[]])+[])+[][(![]+[])[+[]]+([![]]+[][[]])[+!+[]+[+[]]]+(![]+[])[!+[]+!+[]]+(!![]+[])[+[]]+(!![]+[])[!+[]+!+[]+!+[]]+(!![]+[])[+!+[]]][([][(![]+[])[+[]]+([![]]+[][[]])[+!+[]+[+[]]]+(![]+[])[!+[]+!+[]]+(!![]+[])[+[]]+(!![]+[])[!+[]+!+[]+!+[]]+(!![]+[])[+!+[]]]+[])[!+[]+!+[]+!+[]]+(!![]+[][(![]+[])[+[]]+([![]]+[][[]])[+!+[]+[+[]]]+(![]+[])[!+[]+!+[]]+(!![]+[])[+[]]+(!![]+[])[!+[]+!+[]+!+[]]+(!![]+[])[+!+[]]])[+!+[]+[+[]]]+([][[]]+[])[+!+[]]+(![]+[])[!+[]+!+[]+!+[]]+(!![]+[])[+[]]+(!![]+[])[+!+[]]+([][[]]+[])[+[]]+([][(![]+[])[+[]]+([![]]+[][[]])[+!+[]+[+[]]]+(![]+[])[!+[]+!+[]]+(!![]+[])[+[]]+(!![]+[])[!+[]+!+[]+!+[]]+(!![]+[])[+!+[]]]+[])[!+[]+!+[]+!+[]]+(!![]+[])[+[]]+(!![]+[][(![]+[])[+[]]+([![]]+[][[]])[+!+[]+[+[]]]+(![]+[])[!+[]+!+[]]+(!![]+[])[+[]]+(!![]+[])[!+[]+!+[]+!+[]]+(!![]+[])[+!+[]]])[+!+[]+[+[]]]+(!![]+[])[+!+[]]]((!![]+[])[+!+[]]+(!![]+[])[!+[]+!+[]+!+[]]+(!![]+[])[+[]]+([][[]]+[])[+[]]+(!![]+[])[+!+[]]+([][[]]+[])[+!+[]]+(+[![]]+[][(![]+[])[+[]]+([![]]+[][[]])[+!+[]+[+[]]]+(![]+[])[!+[]+!+[]]+(!![]+[])[+[]]+(!![]+[])[!+[]+!+[]+!+[]]+(!![]+[])[+!+[]]])[+!+[]+[+!+[]]]+([][[]]+[])[+[]]+([][[]]+[])[+!+[]]+(!![]+[])[!+[]+!+[]+!+[]]+(![]+[])[!+[]+!+[]+!+[]]+([][(![]+[])[+[]]+([![]]+[][[]])[+!+[]+[+[]]]+(![]+[])[!+[]+!+[]]+(!![]+[])[+[]]+(!![]+[])[!+[]+!+[]+!+[]]+(!![]+[])[+!+[]]]+[])[!+[]+!+[]+!+[]]+(![]+[])[+!+[]]+(+(!+[]+!+[]+[+!+[]]+[+!+[]]))[(!![]+[])[+[]]+(!![]+[][(![]+[])[+[]]+([![]]+[][[]])[+!+[]+[+[]]]+(![]+[])[!+[]+!+[]]+(!![]+[])[+[]]+(!![]+[])[!+[]+!+[]+!+[]]+(!![]+[])[+!+[]]])[+!+[]+[+[]]]+(+![]+([]+[])[([][(![]+[])[+[]]+([![]]+[][[]])[+!+[]+[+[]]]+(![]+[])[!+[]+!+[]]+(!![]+[])[+[]]+(!![]+[])[!+[]+!+[]+!+[]]+(!![]+[])[+!+[]]]+[])[!+[]+!+[]+!+[]]+(!![]+[][(![]+[])[+[]]+([![]]+[][[]])[+!+[]+[+[]]]+(![]+[])[!+[]+!+[]]+(!![]+[])[+[]]+(!![]+[])[!+[]+!+[]+!+[]]+(!![]+[])[+!+[]]])[+!+[]+[+[]]]+([][[]]+[])[+!+[]]+(![]+[])[!+[]+!+[]+!+[]]+(!![]+[])[+[]]+(!![]+[])[+!+[]]+([][[]]+[])[+[]]+([][(![]+[])[+[]]+([![]]+[][[]])[+!+[]+[+[]]]+(![]+[])[!+[]+!+[]]+(!![]+[])[+[]]+(!![]+[])[!+[]+!+[]+!+[]]+(!![]+[])[+!+[]]]+[])[!+[]+!+[]+!+[]]+(!![]+[])[+[]]+(!![]+[][(![]+[])[+[]]+([![]]+[][[]])[+!+[]+[+[]]]+(![]+[])[!+[]+!+[]]+(!![]+[])[+[]]+(!![]+[])[!+[]+!+[]+!+[]]+(!![]+[])[+!+[]]])[+!+[]+[+[]]]+(!![]+[])[+!+[]]])[+!+[]+[+[]]]+(!![]+[])[+[]]+(!![]+[])[+!+[]]+([![]]+[][[]])[+!+[]+[+[]]]+([][[]]+[])[+!+[]]+(+![]+[![]]+([]+[])[([][(![]+[])[+[]]+([![]]+[][[]])[+!+[]+[+[]]]+(![]+[])[!+[]+!+[]]+(!![]+[])[+[]]+(!![]+[])[!+[]+!+[]+!+[]]+(!![]+[])[+!+[]]]+[])[!+[]+!+[]+!+[]]+(!![]+[][(![]+[])[+[]]+([![]]+[][[]])[+!+[]+[+[]]]+(![]+[])[!+[]+!+[]]+(!![]+[])[+[]]+(!![]+[])[!+[]+!+[]+!+[]]+(!![]+[])[+!+[]]])[+!+[]+[+[]]]+([][[]]+[])[+!+[]]+(![]+[])[!+[]+!+[]+!+[]]+(!![]+[])[+[]]+(!![]+[])[+!+[]]+([][[]]+[])[+[]]+([][(![]+[])[+[]]+([![]]+[][[]])[+!+[]+[+[]]]+(![]+[])[!+[]+!+[]]+(!![]+[])[+[]]+(!![]+[])[!+[]+!+[]+!+[]]+(!![]+[])[+!+[]]]+[])[!+[]+!+[]+!+[]]+(!![]+[])[+[]]+(!![]+[][(![]+[])[+[]]+([![]]+[][[]])[+!+[]+[+[]]]+(![]+[])[!+[]+!+[]]+(!![]+[])[+[]]+(!![]+[])[!+[]+!+[]+!+[]]+(!![]+[])[+!+[]]])[+!+[]+[+[]]]+(!![]+[])[+!+[]]])[!+[]+!+[]+[+[]]]](!+[]+!+[]+!+[]+[+!+[]])[+!+[]]+(!![]+[])[!+[]+!+[]+!+[]])()([][(![]+[])[+[]]+([![]]+[][[]])[+!+[]+[+[]]]+(![]+[])[!+[]+!+[]]+(!![]+[])[+[]]+(!![]+[])[!+[]+!+[]+!+[]]+(!![]+[])[+!+[]]][([][(![]+[])[+[]]+([![]]+[][[]])[+!+[]+[+[]]]+(![]+[])[!+[]+!+[]]+(!![]+[])[+[]]+(!![]+[])[!+[]+!+[]+!+[]]+(!![]+[])[+!+[]]]+[])[!+[]+!+[]+!+[]]+(!![]+[][(![]+[])[+[]]+([![]]+[][[]])[+!+[]+[+[]]]+(![]+[])[!+[]+!+[]]+(!![]+[])[+[]]+(!![]+[])[!+[]+!+[]+!+[]]+(!![]+[])[+!+[]]])[+!+[]+[+[]]]+([][[]]+[])[+!+[]]+(![]+[])[!+[]+!+[]+!+[]]+(!![]+[])[+[]]+(!![]+[])[+!+[]]+([][[]]+[])[+[]]+([][(![]+[])[+[]]+([![]]+[][[]])[+!+[]+[+[]]]+(![]+[])[!+[]+!+[]]+(!![]+[])[+[]]+(!![]+[])[!+[]+!+[]+!+[]]+(!![]+[])[+!+[]]]+[])[!+[]+!+[]+!+[]]+(!![]+[])[+[]]+(!![]+[][(![]+[])[+[]]+([![]]+[][[]])[+!+[]+[+[]]]+(![]+[])[!+[]+!+[]]+(!![]+[])[+[]]+(!![]+[])[!+[]+!+[]+!+[]]+(!![]+[])[+!+[]]])[+!+[]+[+[]]]+(!![]+[])[+!+[]]]((!![]+[])[+!+[]]+(!![]+[])[!+[]+!+[]+!+[]]+(!![]+[])[+[]]+([][[]]+[])[+[]]+(!![]+[])[+!+[]]+([][[]]+[])[+!+[]]+(+[![]]+[][(![]+[])[+[]]+([![]]+[][[]])[+!+[]+[+[]]]+(![]+[])[!+[]+!+[]]+(!![]+[])[+[]]+(!![]+[])[!+[]+!+[]+!+[]]+(!![]+[])[+!+[]]])[+!+[]+[+!+[]]]+(!![]+[])[!+[]+!+[]+!+[]]+(![]+[])[!+[]+!+[]+!+[]]+([][(![]+[])[+[]]+([![]]+[][[]])[+!+[]+[+[]]]+(![]+[])[!+[]+!+[]]+(!![]+[])[+[]]+(!![]+[])[!+[]+!+[]+!+[]]+(!![]+[])[+!+[]]]+[])[!+[]+!+[]+!+[]]+(![]+[])[+!+[]]+(+(!+[]+!+[]+[+!+[]]+[+!+[]]))[(!![]+[])[+[]]+(!![]+[][(![]+[])[+[]]+([![]]+[][[]])[+!+[]+[+[]]]+(![]+[])[!+[]+!+[]]+(!![]+[])[+[]]+(!![]+[])[!+[]+!+[]+!+[]]+(!![]+[])[+!+[]]])[+!+[]+[+[]]]+(+![]+([]+[])[([][(![]+[])[+[]]+([![]]+[][[]])[+!+[]+[+[]]]+(![]+[])[!+[]+!+[]]+(!![]+[])[+[]]+(!![]+[])[!+[]+!+[]+!+[]]+(!![]+[])[+!+[]]]+[])[!+[]+!+[]+!+[]]+(!![]+[][(![]+[])[+[]]+([![]]+[][[]])[+!+[]+[+[]]]+(![]+[])[!+[]+!+[]]+(!![]+[])[+[]]+(!![]+[])[!+[]+!+[]+!+[]]+(!![]+[])[+!+[]]])[+!+[]+[+[]]]+([][[]]+[])[+!+[]]+(![]+[])[!+[]+!+[]+!+[]]+(!![]+[])[+[]]+(!![]+[])[+!+[]]+([][[]]+[])[+[]]+([][(![]+[])[+[]]+([![]]+[][[]])[+!+[]+[+[]]]+(![]+[])[!+[]+!+[]]+(!![]+[])[+[]]+(!![]+[])[!+[]+!+[]+!+[]]+(!![]+[])[+!+[]]]+[])[!+[]+!+[]+!+[]]+(!![]+[])[+[]]+(!![]+[][(![]+[])[+[]]+([![]]+[][[]])[+!+[]+[+[]]]+(![]+[])[!+[]+!+[]]+(!![]+[])[+[]]+(!![]+[])[!+[]+!+[]+!+[]]+(!![]+[])[+!+[]]])[+!+[]+[+[]]]+(!![]+[])[+!+[]]])[+!+[]+[+[]]]+(!![]+[])[+[]]+(!![]+[])[+!+[]]+([![]]+[][[]])[+!+[]+[+[]]]+([][[]]+[])[+!+[]]+(+![]+[![]]+([]+[])[([][(![]+[])[+[]]+([![]]+[][[]])[+!+[]+[+[]]]+(![]+[])[!+[]+!+[]]+(!![]+[])[+[]]+(!![]+[])[!+[]+!+[]+!+[]]+(!![]+[])[+!+[]]]+[])[!+[]+!+[]+!+[]]+(!![]+[][(![]+[])[+[]]+([![]]+[][[]])[+!+[]+[+[]]]+(![]+[])[!+[]+!+[]]+(!![]+[])[+[]]+(!![]+[])[!+[]+!+[]+!+[]]+(!![]+[])[+!+[]]])[+!+[]+[+[]]]+([][[]]+[])[+!+[]]+(![]+[])[!+[]+!+[]+!+[]]+(!![]+[])[+[]]+(!![]+[])[+!+[]]+([][[]]+[])[+[]]+([][(![]+[])[+[]]+([![]]+[][[]])[+!+[]+[+[]]]+(![]+[])[!+[]+!+[]]+(!![]+[])[+[]]+(!![]+[])[!+[]+!+[]+!+[]]+(!![]+[])[+!+[]]]+[])[!+[]+!+[]+!+[]]+(!![]+[])[+[]]+(!![]+[][(![]+[])[+[]]+([![]]+[][[]])[+!+[]+[+[]]]+(![]+[])[!+[]+!+[]]+(!![]+[])[+[]]+(!![]+[])[!+[]+!+[]+!+[]]+(!![]+[])[+!+[]]])[+!+[]+[+[]]]+(!![]+[])[+!+[]]])[!+[]+!+[]+[+[]]]](!+[]+!+[]+!+[]+[+!+[]])[+!+[]]+(!![]+[])[!+[]+!+[]+!+[]])()(([]+[])[([![]]+[][[]])[+!+[]+[+[]]]+(!![]+[])[+[]]+(![]+[])[+!+[]]+(![]+[])[!+[]+!+[]]+([![]]+[][[]])[+!+[]+[+[]]]+([][(![]+[])[+[]]+([![]]+[][[]])[+!+[]+[+[]]]+(![]+[])[!+[]+!+[]]+(!![]+[])[+[]]+(!![]+[])[!+[]+!+[]+!+[]]+(!![]+[])[+!+[]]]+[])[!+[]+!+[]+!+[]]+(![]+[])[!+[]+!+[]+!+[]]]()[+[]])[+[]]+(!+[]+!+[]+!+[]+!+[]+!+[]+[+!+[]])+[])+([![]]+[][[]])[+!+[]+[+[]]]+(+(+!+[]+[+[]]+[+!+[]]))[(!![]+[])[+[]]+(!![]+[][(![]+[])[+[]]+([![]]+[][[]])[+!+[]+[+[]]]+(![]+[])[!+[]+!+[]]+(!![]+[])[+[]]+(!![]+[])[!+[]+!+[]+!+[]]+(!![]+[])[+!+[]]])[+!+[]+[+[]]]+(+![]+([]+[])[([][(![]+[])[+[]]+([![]]+[][[]])[+!+[]+[+[]]]+(![]+[])[!+[]+!+[]]+(!![]+[])[+[]]+(!![]+[])[!+[]+!+[]+!+[]]+(!![]+[])[+!+[]]]+[])[!+[]+!+[]+!+[]]+(!![]+[][(![]+[])[+[]]+([![]]+[][[]])[+!+[]+[+[]]]+(![]+[])[!+[]+!+[]]+(!![]+[])[+[]]+(!![]+[])[!+[]+!+[]+!+[]]+(!![]+[])[+!+[]]])[+!+[]+[+[]]]+([][[]]+[])[+!+[]]+(![]+[])[!+[]+!+[]+!+[]]+(!![]+[])[+[]]+(!![]+[])[+!+[]]+([][[]]+[])[+[]]+([][(![]+[])[+[]]+([![]]+[][[]])[+!+[]+[+[]]]+(![]+[])[!+[]+!+[]]+(!![]+[])[+[]]+(!![]+[])[!+[]+!+[]+!+[]]+(!![]+[])[+!+[]]]+[])[!+[]+!+[]+!+[]]+(!![]+[])[+[]]+(!![]+[][(![]+[])[+[]]+([![]]+[][[]])[+!+[]+[+[]]]+(![]+[])[!+[]+!+[]]+(!![]+[])[+[]]+(!![]+[])[!+[]+!+[]+!+[]]+(!![]+[])[+!+[]]])[+!+[]+[+[]]]+(!![]+[])[+!+[]]])[+!+[]+[+[]]]+(!![]+[])[+[]]+(!![]+[])[+!+[]]+([![]]+[][[]])[+!+[]+[+[]]]+([][[]]+[])[+!+[]]+(+![]+[![]]+([]+[])[([][(![]+[])[+[]]+([![]]+[][[]])[+!+[]+[+[]]]+(![]+[])[!+[]+!+[]]+(!![]+[])[+[]]+(!![]+[])[!+[]+!+[]+!+[]]+(!![]+[])[+!+[]]]+[])[!+[]+!+[]+!+[]]+(!![]+[][(![]+[])[+[]]+([![]]+[][[]])[+!+[]+[+[]]]+(![]+[])[!+[]+!+[]]+(!![]+[])[+[]]+(!![]+[])[!+[]+!+[]+!+[]]+(!![]+[])[+!+[]]])[+!+[]+[+[]]]+([][[]]+[])[+!+[]]+(![]+[])[!+[]+!+[]+!+[]]+(!![]+[])[+[]]+(!![]+[])[+!+[]]+([][[]]+[])[+[]]+([][(![]+[])[+[]]+([![]]+[][[]])[+!+[]+[+[]]]+(![]+[])[!+[]+!+[]]+(!![]+[])[+[]]+(!![]+[])[!+[]+!+[]+!+[]]+(!![]+[])[+!+[]]]+[])[!+[]+!+[]+!+[]]+(!![]+[])[+[]]+(!![]+[][(![]+[])[+[]]+([![]]+[][[]])[+!+[]+[+[]]]+(![]+[])[!+[]+!+[]]+(!![]+[])[+[]]+(!![]+[])[!+[]+!+[]+!+[]]+(!![]+[])[+!+[]]])[+!+[]+[+[]]]+(!![]+[])[+!+[]]])[!+[]+!+[]+[+[]]]](!+[]+!+[]+!+[]+[!+[]+!+[]+!+[]+!+[]])[+!+[]]+[][(![]+[])[+[]]+([![]]+[][[]])[+!+[]+[+[]]]+(![]+[])[!+[]+!+[]]+(!![]+[])[+[]]+(!![]+[])[!+[]+!+[]+!+[]]+(!![]+[])[+!+[]]][([][(![]+[])[+[]]+([![]]+[][[]])[+!+[]+[+[]]]+(![]+[])[!+[]+!+[]]+(!![]+[])[+[]]+(!![]+[])[!+[]+!+[]+!+[]]+(!![]+[])[+!+[]]]+[])[!+[]+!+[]+!+[]]+(!![]+[][(![]+[])[+[]]+([![]]+[][[]])[+!+[]+[+[]]]+(![]+[])[!+[]+!+[]]+(!![]+[])[+[]]+(!![]+[])[!+[]+!+[]+!+[]]+(!![]+[])[+!+[]]])[+!+[]+[+[]]]+([][[]]+[])[+!+[]]+(![]+[])[!+[]+!+[]+!+[]]+(!![]+[])[+[]]+(!![]+[])[+!+[]]+([][[]]+[])[+[]]+([][(![]+[])[+[]]+([![]]+[][[]])[+!+[]+[+[]]]+(![]+[])[!+[]+!+[]]+(!![]+[])[+[]]+(!![]+[])[!+[]+!+[]+!+[]]+(!![]+[])[+!+[]]]+[])[!+[]+!+[]+!+[]]+(!![]+[])[+[]]+(!![]+[][(![]+[])[+[]]+([![]]+[][[]])[+!+[]+[+[]]]+(![]+[])[!+[]+!+[]]+(!![]+[])[+[]]+(!![]+[])[!+[]+!+[]+!+[]]+(!![]+[])[+!+[]]])[+!+[]+[+[]]]+(!![]+[])[+!+[]]]((!![]+[])[+!+[]]+(!![]+[])[!+[]+!+[]+!+[]]+(!![]+[])[+[]]+([][[]]+[])[+[]]+(!![]+[])[+!+[]]+([][[]]+[])[+!+[]]+(+[![]]+[][(![]+[])[+[]]+([![]]+[][[]])[+!+[]+[+[]]]+(![]+[])[!+[]+!+[]]+(!![]+[])[+[]]+(!![]+[])[!+[]+!+[]+!+[]]+(!![]+[])[+!+[]]])[+!+[]+[+!+[]]]+([][[]]+[])[+[]]+([][[]]+[])[+!+[]]+(!![]+[])[!+[]+!+[]+!+[]]+(![]+[])[!+[]+!+[]+!+[]]+([][(![]+[])[+[]]+([![]]+[][[]])[+!+[]+[+[]]]+(![]+[])[!+[]+!+[]]+(!![]+[])[+[]]+(!![]+[])[!+[]+!+[]+!+[]]+(!![]+[])[+!+[]]]+[])[!+[]+!+[]+!+[]]+(![]+[])[+!+[]]+(+(!+[]+!+[]+[+!+[]]+[+!+[]]))[(!![]+[])[+[]]+(!![]+[][(![]+[])[+[]]+([![]]+[][[]])[+!+[]+[+[]]]+(![]+[])[!+[]+!+[]]+(!![]+[])[+[]]+(!![]+[])[!+[]+!+[]+!+[]]+(!![]+[])[+!+[]]])[+!+[]+[+[]]]+(+![]+([]+[])[([][(![]+[])[+[]]+([![]]+[][[]])[+!+[]+[+[]]]+(![]+[])[!+[]+!+[]]+(!![]+[])[+[]]+(!![]+[])[!+[]+!+[]+!+[]]+(!![]+[])[+!+[]]]+[])[!+[]+!+[]+!+[]]+(!![]+[][(![]+[])[+[]]+([![]]+[][[]])[+!+[]+[+[]]]+(![]+[])[!+[]+!+[]]+(!![]+[])[+[]]+(!![]+[])[!+[]+!+[]+!+[]]+(!![]+[])[+!+[]]])[+!+[]+[+[]]]+([][[]]+[])[+!+[]]+(![]+[])[!+[]+!+[]+!+[]]+(!![]+[])[+[]]+(!![]+[])[+!+[]]+([][[]]+[])[+[]]+([][(![]+[])[+[]]+([![]]+[][[]])[+!+[]+[+[]]]+(![]+[])[!+[]+!+[]]+(!![]+[])[+[]]+(!![]+[])[!+[]+!+[]+!+[]]+(!![]+[])[+!+[]]]+[])[!+[]+!+[]+!+[]]+(!![]+[])[+[]]+(!![]+[][(![]+[])[+[]]+([![]]+[][[]])[+!+[]+[+[]]]+(![]+[])[!+[]+!+[]]+(!![]+[])[+[]]+(!![]+[])[!+[]+!+[]+!+[]]+(!![]+[])[+!+[]]])[+!+[]+[+[]]]+(!![]+[])[+!+[]]])[+!+[]+[+[]]]+(!![]+[])[+[]]+(!![]+[])[+!+[]]+([![]]+[][[]])[+!+[]+[+[]]]+([][[]]+[])[+!+[]]+(+![]+[![]]+([]+[])[([][(![]+[])[+[]]+([![]]+[][[]])[+!+[]+[+[]]]+(![]+[])[!+[]+!+[]]+(!![]+[])[+[]]+(!![]+[])[!+[]+!+[]+!+[]]+(!![]+[])[+!+[]]]+[])[!+[]+!+[]+!+[]]+(!![]+[][(![]+[])[+[]]+([![]]+[][[]])[+!+[]+[+[]]]+(![]+[])[!+[]+!+[]]+(!![]+[])[+[]]+(!![]+[])[!+[]+!+[]+!+[]]+(!![]+[])[+!+[]]])[+!+[]+[+[]]]+([][[]]+[])[+!+[]]+(![]+[])[!+[]+!+[]+!+[]]+(!![]+[])[+[]]+(!![]+[])[+!+[]]+([][[]]+[])[+[]]+([][(![]+[])[+[]]+([![]]+[][[]])[+!+[]+[+[]]]+(![]+[])[!+[]+!+[]]+(!![]+[])[+[]]+(!![]+[])[!+[]+!+[]+!+[]]+(!![]+[])[+!+[]]]+[])[!+[]+!+[]+!+[]]+(!![]+[])[+[]]+(!![]+[][(![]+[])[+[]]+([![]]+[][[]])[+!+[]+[+[]]]+(![]+[])[!+[]+!+[]]+(!![]+[])[+[]]+(!![]+[])[!+[]+!+[]+!+[]]+(!![]+[])[+!+[]]])[+!+[]+[+[]]]+(!![]+[])[+!+[]]])[!+[]+!+[]+[+[]]]](!+[]+!+[]+!+[]+[+!+[]])[+!+[]]+(!![]+[])[!+[]+!+[]+!+[]])()([][(![]+[])[+[]]+([![]]+[][[]])[+!+[]+[+[]]]+(![]+[])[!+[]+!+[]]+(!![]+[])[+[]]+(!![]+[])[!+[]+!+[]+!+[]]+(!![]+[])[+!+[]]][([][(![]+[])[+[]]+([![]]+[][[]])[+!+[]+[+[]]]+(![]+[])[!+[]+!+[]]+(!![]+[])[+[]]+(!![]+[])[!+[]+!+[]+!+[]]+(!![]+[])[+!+[]]]+[])[!+[]+!+[]+!+[]]+(!![]+[][(![]+[])[+[]]+([![]]+[][[]])[+!+[]+[+[]]]+(![]+[])[!+[]+!+[]]+(!![]+[])[+[]]+(!![]+[])[!+[]+!+[]+!+[]]+(!![]+[])[+!+[]]])[+!+[]+[+[]]]+([][[]]+[])[+!+[]]+(![]+[])[!+[]+!+[]+!+[]]+(!![]+[])[+[]]+(!![]+[])[+!+[]]+([][[]]+[])[+[]]+([][(![]+[])[+[]]+([![]]+[][[]])[+!+[]+[+[]]]+(![]+[])[!+[]+!+[]]+(!![]+[])[+[]]+(!![]+[])[!+[]+!+[]+!+[]]+(!![]+[])[+!+[]]]+[])[!+[]+!+[]+!+[]]+(!![]+[])[+[]]+(!![]+[][(![]+[])[+[]]+([![]]+[][[]])[+!+[]+[+[]]]+(![]+[])[!+[]+!+[]]+(!![]+[])[+[]]+(!![]+[])[!+[]+!+[]+!+[]]+(!![]+[])[+!+[]]])[+!+[]+[+[]]]+(!![]+[])[+!+[]]]((!![]+[])[+!+[]]+(!![]+[])[!+[]+!+[]+!+[]]+(!![]+[])[+[]]+([][[]]+[])[+[]]+(!![]+[])[+!+[]]+([][[]]+[])[+!+[]]+(+[![]]+[][(![]+[])[+[]]+([![]]+[][[]])[+!+[]+[+[]]]+(![]+[])[!+[]+!+[]]+(!![]+[])[+[]]+(!![]+[])[!+[]+!+[]+!+[]]+(!![]+[])[+!+[]]])[+!+[]+[+!+[]]]+(!![]+[])[!+[]+!+[]+!+[]]+(![]+[])[!+[]+!+[]+!+[]]+([][(![]+[])[+[]]+([![]]+[][[]])[+!+[]+[+[]]]+(![]+[])[!+[]+!+[]]+(!![]+[])[+[]]+(!![]+[])[!+[]+!+[]+!+[]]+(!![]+[])[+!+[]]]+[])[!+[]+!+[]+!+[]]+(![]+[])[+!+[]]+(+(!+[]+!+[]+[+!+[]]+[+!+[]]))[(!![]+[])[+[]]+(!![]+[][(![]+[])[+[]]+([![]]+[][[]])[+!+[]+[+[]]]+(![]+[])[!+[]+!+[]]+(!![]+[])[+[]]+(!![]+[])[!+[]+!+[]+!+[]]+(!![]+[])[+!+[]]])[+!+[]+[+[]]]+(+![]+([]+[])[([][(![]+[])[+[]]+([![]]+[][[]])[+!+[]+[+[]]]+(![]+[])[!+[]+!+[]]+(!![]+[])[+[]]+(!![]+[])[!+[]+!+[]+!+[]]+(!![]+[])[+!+[]]]+[])[!+[]+!+[]+!+[]]+(!![]+[][(![]+[])[+[]]+([![]]+[][[]])[+!+[]+[+[]]]+(![]+[])[!+[]+!+[]]+(!![]+[])[+[]]+(!![]+[])[!+[]+!+[]+!+[]]+(!![]+[])[+!+[]]])[+!+[]+[+[]]]+([][[]]+[])[+!+[]]+(![]+[])[!+[]+!+[]+!+[]]+(!![]+[])[+[]]+(!![]+[])[+!+[]]+([][[]]+[])[+[]]+([][(![]+[])[+[]]+([![]]+[][[]])[+!+[]+[+[]]]+(![]+[])[!+[]+!+[]]+(!![]+[])[+[]]+(!![]+[])[!+[]+!+[]+!+[]]+(!![]+[])[+!+[]]]+[])[!+[]+!+[]+!+[]]+(!![]+[])[+[]]+(!![]+[][(![]+[])[+[]]+([![]]+[][[]])[+!+[]+[+[]]]+(![]+[])[!+[]+!+[]]+(!![]+[])[+[]]+(!![]+[])[!+[]+!+[]+!+[]]+(!![]+[])[+!+[]]])[+!+[]+[+[]]]+(!![]+[])[+!+[]]])[+!+[]+[+[]]]+(!![]+[])[+[]]+(!![]+[])[+!+[]]+([![]]+[][[]])[+!+[]+[+[]]]+([][[]]+[])[+!+[]]+(+![]+[![]]+([]+[])[([][(![]+[])[+[]]+([![]]+[][[]])[+!+[]+[+[]]]+(![]+[])[!+[]+!+[]]+(!![]+[])[+[]]+(!![]+[])[!+[]+!+[]+!+[]]+(!![]+[])[+!+[]]]+[])[!+[]+!+[]+!+[]]+(!![]+[][(![]+[])[+[]]+([![]]+[][[]])[+!+[]+[+[]]]+(![]+[])[!+[]+!+[]]+(!![]+[])[+[]]+(!![]+[])[!+[]+!+[]+!+[]]+(!![]+[])[+!+[]]])[+!+[]+[+[]]]+([][[]]+[])[+!+[]]+(![]+[])[!+[]+!+[]+!+[]]+(!![]+[])[+[]]+(!![]+[])[+!+[]]+([][[]]+[])[+[]]+([][(![]+[])[+[]]+([![]]+[][[]])[+!+[]+[+[]]]+(![]+[])[!+[]+!+[]]+(!![]+[])[+[]]+(!![]+[])[!+[]+!+[]+!+[]]+(!![]+[])[+!+[]]]+[])[!+[]+!+[]+!+[]]+(!![]+[])[+[]]+(!![]+[][(![]+[])[+[]]+([![]]+[][[]])[+!+[]+[+[]]]+(![]+[])[!+[]+!+[]]+(!![]+[])[+[]]+(!![]+[])[!+[]+!+[]+!+[]]+(!![]+[])[+!+[]]])[+!+[]+[+[]]]+(!![]+[])[+!+[]]])[!+[]+!+[]+[+[]]]](!+[]+!+[]+!+[]+[+!+[]])[+!+[]]+(!![]+[])[!+[]+!+[]+!+[]])()(([]+[])[([![]]+[][[]])[+!+[]+[+[]]]+(!![]+[])[+[]]+(![]+[])[+!+[]]+(![]+[])[!+[]+!+[]]+([![]]+[][[]])[+!+[]+[+[]]]+([][(![]+[])[+[]]+([![]]+[][[]])[+!+[]+[+[]]]+(![]+[])[!+[]+!+[]]+(!![]+[])[+[]]+(!![]+[])[!+[]+!+[]+!+[]]+(!![]+[])[+!+[]]]+[])[!+[]+!+[]+!+[]]+(![]+[])[!+[]+!+[]+!+[]]]()[+[]])[+[]]+(!+[]+!+[]+[!+[]+!+[]+!+[]+!+[]+!+[]+!+[]+!+[]])+[])+(!![]+[][(![]+[])[+[]]+([![]]+[][[]])[+!+[]+[+[]]]+(![]+[])[!+[]+!+[]]+(!![]+[])[+[]]+(!![]+[])[!+[]+!+[]+!+[]]+(!![]+[])[+!+[]]])[!+[]+!+[]+[+[]]])()",""
